# -*- coding: utf-8 -*-

# Resource object code
#
# Created by: The Resource Compiler for PyQt5 (Qt v5.15.13)
#
# WARNING! All changes made in this file will be lost!

from PyQt5 import QtCore

qt_resource_data = b"\
\x00\x00\xab\xc6\
\x89\
\x50\x4e\x47\x0d\x0a\x1a\x0a\x00\x00\x00\x0d\x49\x48\x44\x52\x00\
\x00\x03\x05\x00\x00\x01\x3d\x08\x06\x00\x00\x00\x5a\xd3\xce\x90\
\x00\x00\x00\x09\x70\x48\x59\x73\x00\x00\x4c\xe5\x00\x00\x4c\xe5\
\x01\x75\xce\xf0\x95\x00\x00\x00\x19\x74\x45\x58\x74\x53\x6f\x66\
\x74\x77\x61\x72\x65\x00\x77\x77\x77\x2e\x69\x6e\x6b\x73\x63\x61\
\x70\x65\x2e\x6f\x72\x67\x9b\xee\x3c\x1a\x00\x00\x20\x00\x49\x44\
\x41\x54\x78\x9c\xec\x9d\x77\x98\x5c\x65\xf5\xc7\x3f\x67\xd3\x76\
\x13\x08\x35\x54\xe9\x25\x20\xbd\x77\x69\x11\x90\xa6\xf4\x26\xa8\
\x48\x11\x05\x22\x4d\x54\x94\x26\x4d\x4a\x12\x40\xf0\x27\x2a\x48\
\x47\x40\xba\xd2\x82\xf4\x22\x48\x8d\x94\x00\x21\xa1\x24\x84\x5e\
\xd3\xb3\xfb\xfd\xfd\xf1\xde\x4d\x66\xef\xdc\xd9\x9d\xb9\x73\xa7\
\xee\xf9\x3c\xcf\x3c\xc9\xdc\xfb\xbe\xe7\x3d\x3b\x3b\x33\xfb\x9e\
\xf7\x34\x93\x84\xd3\xfb\x18\x38\xc2\x96\x12\x1c\x04\x6c\x87\xb1\
\x2a\x30\x3f\xf0\x05\xf0\x26\xe2\x5e\xf5\xe1\xfa\xe9\xc3\x35\xb6\
\x12\x6b\x9b\xd9\x7a\x92\x9e\xad\x84\x6c\xc7\x71\x1c\xc7\x71\x1c\
\xa7\x74\xcc\x8d\x82\xde\x85\x5d\x6a\xf3\xb4\xcd\xe0\x6c\xc1\xa1\
\xc0\x80\x6e\x86\x76\x20\x2e\xef\x27\x7e\xf5\xe5\x71\xfa\x38\x93\
\xb5\xcd\xfa\x02\x23\x80\x36\x49\x87\x66\x21\xd3\x71\x1c\xc7\x71\
\x1c\xc7\x29\x9f\x96\x5a\x2b\xe0\x54\x8f\xb6\x51\xb6\x7c\xeb\x74\
\x9e\x14\x1c\x49\xf7\x06\x01\x40\x0b\xc6\x21\xb3\x5a\x78\x7a\xc0\
\x28\x5b\xb5\xdc\xb5\xcd\x6c\x01\xe0\x1e\xe0\x28\xe0\xa3\x72\xe5\
\x39\x8e\xe3\x38\x8e\xe3\x38\xd9\xe1\x46\x41\x2f\x61\xf0\x25\xb6\
\x10\xe2\x6e\x8c\xd5\x4b\x9c\xba\x5c\x8b\x78\x68\xe0\xc5\xf6\x8d\
\xb4\x6b\x9b\xd9\xc6\xc0\x53\xc0\xb6\xd1\xa5\x4f\xd2\xca\x72\x1c\
\xc7\x71\x1c\xc7\x71\xb2\xc7\x8d\x82\x5e\xc2\xec\x99\xfc\x15\x58\
\x39\xe5\xf4\x45\x34\x9b\xbf\x1b\x66\xa5\x4c\x32\xb3\x21\x66\x76\
\x11\xf0\x58\x6c\xed\x89\x29\xf5\x70\x1c\xc7\x71\x1c\xc7\x71\x2a\
\x80\x1b\x05\xbd\x80\xb6\x51\xb6\x8d\xe0\xbb\x65\x8a\xd9\xb4\x6d\
\x14\xbb\x15\x33\xd0\xcc\xe6\x37\xb3\xdf\x01\x6f\x11\xc2\x85\xfa\
\xc4\x86\xfc\xb7\x4c\x5d\x1c\xc7\x71\x1c\xc7\x71\x9c\x0c\xe9\x5b\
\x6b\x05\x9c\xca\x23\xf1\xd3\x92\x8e\xf8\x0b\xcb\x39\x0e\xb8\xa5\
\xd0\x7d\x33\x5b\x84\x90\xc0\x7c\x2c\xb0\x60\x81\x61\x1f\x03\xe3\
\x32\x50\xa7\xa9\x98\xff\x1c\x5b\x60\x66\x2b\xdb\x4a\xac\x61\x30\
\xbf\x8c\x29\x88\x71\x18\x0f\x4c\xfb\xb9\x26\xd4\x5a\x3f\xc7\x71\
\x1c\xc7\x71\x9a\x1b\xaf\x3e\xd4\xe4\xd8\x48\x6b\x6b\x0d\x31\xfc\
\x6d\x19\x88\x6b\x1f\x30\x83\x21\x9f\xff\x52\x9f\xcd\x91\x6f\x66\
\xc0\x96\xc0\x4f\x80\xdd\x80\xfe\x3d\xc8\xb8\x4e\xd2\x01\x19\xe8\
\xd2\x14\x0c\xb8\xc0\x56\x69\x31\x7e\x83\xb1\x2f\xf9\x1e\x15\x00\
\x01\x4f\x00\x27\x4d\x3b\x46\x0f\x57\x57\x3b\xc7\x71\x1c\xc7\x71\
\x7a\x0b\x6e\x14\x34\x29\x66\x36\x00\x58\xb9\xef\x3e\x2c\xde\x77\
\x23\xee\xcd\x4a\xae\x3a\xd8\x6e\xc6\xf1\xbc\x03\xfc\x03\x68\x05\
\x86\x00\x83\x4b\x10\xf1\x1d\x49\xf7\x64\xa5\x4f\x23\xd3\x3a\xc2\
\x8e\x30\x63\x14\x3d\x1b\x52\x9d\x5c\x36\x7d\x10\x47\xea\x30\xcd\
\xaa\xa4\x5e\x8e\xe3\x38\x8e\xe3\xf4\x3e\xdc\x28\x68\x22\xcc\xec\
\xa7\xc0\xae\x84\xa4\xde\x65\x80\x96\x3e\x9b\x73\x63\xbf\xdd\xd9\
\x3b\xab\x35\x66\xdf\xce\xa3\xb3\x1f\x66\x4d\x60\xbe\x14\xd3\xdb\
\x81\x77\x81\x93\x25\x5d\x9d\x7b\xc3\xcc\x56\x01\x86\x01\x9f\x01\
\x9f\x47\x8f\x8f\x24\xbd\x5e\xa6\xca\x75\x49\xdb\x48\x3b\x0d\x38\
\xb9\xe4\x89\xe2\xde\xe9\xf3\xb0\x8b\x1b\x06\x8e\xe3\x38\x8e\xe3\
\x64\x89\xe7\x14\x34\x00\x66\x36\x0f\x61\xa3\xbf\x32\xb0\x0a\x30\
\x14\x38\x41\xd2\x7b\xb1\xa1\x6b\x00\xdb\x77\xb9\xf2\x25\x8b\x67\
\xa9\x8b\xbe\x60\x8b\x32\xa6\xf7\x01\x96\x05\xfa\x25\xdc\xdb\x0c\
\xb8\x38\x76\xed\x35\x20\xaf\x47\x82\x99\xdd\x43\x30\x30\x3e\x67\
\xae\x11\xf1\x57\x49\xe3\x63\xe3\xe6\x27\x18\xbe\x9f\xc5\x65\xd4\
\x92\x81\x23\x6d\x5f\xe0\xb7\xa9\x26\x1b\xdb\x0f\x98\xca\xb9\xc0\
\x31\x99\x2a\xe5\x38\x8e\xe3\x38\x4e\xaf\xc6\x8d\x82\x3a\xc1\xcc\
\x5a\x80\x85\x24\x7d\x14\xbb\xde\x07\xf8\x94\xfc\x8d\xf4\xdf\x80\
\xb8\x51\x30\x36\x2e\xb7\xe3\xc3\x8c\x8d\x82\x4f\xe8\xa0\xfc\xaa\
\x55\x49\x9b\xf4\xf9\x8b\x19\x17\xe5\x30\x0c\x23\x3f\xfe\xfe\x1e\
\x60\x7c\xec\xda\xaf\x80\x5f\x84\x29\x73\x8c\x87\x5b\x25\x1d\x17\
\x93\x39\x08\xf8\x41\xce\x98\xce\x7f\xdf\x94\x34\xbb\xa7\x1f\xa6\
\x14\xec\x5c\x9b\xb7\xb5\x1f\x23\x80\xd4\xb9\xdf\x26\x7e\x3e\xe8\
\x42\xbb\x6e\xca\x70\x3d\x93\xa1\x6a\x8e\xe3\x38\x8e\xe3\xf4\x62\
\xdc\x28\xa8\x11\x66\xb6\x12\x61\x23\x3a\x94\xb9\x5e\x80\xc9\xc0\
\x72\xb9\xe3\x24\xb5\x9b\xd9\x38\x82\x87\x20\x97\xa1\x90\x97\x2b\
\x90\x67\x14\x68\x32\x4b\x13\x8c\x87\xd4\xcd\xc7\x72\xf8\xaa\xa3\
\x2f\x1b\x00\x97\x02\xdb\x94\x21\xe7\xf3\x84\x6b\x0b\x14\x39\x6e\
\x30\xc9\x09\xb9\x3d\x19\x1a\x0b\x44\x8f\x85\x12\xc6\x2d\x01\x5c\
\x92\x70\x7d\x11\x62\xdd\x97\xcd\xec\x2c\x60\x4d\xba\x1a\x0f\xf7\
\x4b\x7a\x24\x36\xae\x3f\xd0\x26\xe9\x8b\xdc\xeb\x6d\xfd\xf8\x89\
\x28\xdf\x50\x6b\x6f\xe7\xd7\x50\x5c\x89\x58\xc7\x71\x1c\xc7\x71\
\x9c\x9e\xa8\x0b\xa3\xc0\xcc\x8e\x07\x2e\x92\x34\xb3\xd6\xba\x64\
\x81\x99\xf5\x25\x6c\xee\x87\x12\x36\xf3\x2f\x4b\xba\x3b\x36\x6c\
\x09\xe0\xa4\xd8\xb5\xa5\xcd\xac\x4d\xd2\xb4\xd8\xf5\xb1\x24\x1b\
\x05\x71\xf2\x8c\x02\x60\x06\x53\xb8\x9f\x41\xfc\xa8\x38\xed\xbb\
\xe5\x4e\xbd\xa5\xb1\x66\x76\x1c\xb0\x23\xb0\x45\xf4\x18\x54\xa2\
\x9c\xa4\xcd\x7e\x51\x9e\x82\x02\xe3\x0a\xc9\x2c\xd6\xd0\x28\x45\
\xe6\xa6\x84\x6a\x4b\xb9\x4c\x05\x1e\x89\x5d\xdb\x0e\xb8\xd3\xcc\
\x3a\x98\x6b\x40\xbc\x3d\x60\x04\x0b\x64\x51\x1e\xd6\x8c\x1d\xed\
\x52\x9b\x47\x3f\xd5\xd7\x19\x88\x73\x1c\xc7\x71\x1c\xa7\x97\x53\
\xf3\xe6\x65\x66\xb6\x15\x70\x36\xb0\x74\x8d\x55\xc9\x04\x33\xbb\
\x80\xb0\x49\x7c\x1d\xb8\x13\x38\x0f\x12\x13\x7d\x93\x36\xf0\x2d\
\xc0\x4a\x45\x8e\x4d\x32\x0a\xde\x06\x46\x10\xca\x83\x6e\x03\x2c\
\x29\x69\x70\x4b\x7f\x7e\x03\x4c\xef\x59\xfb\x6e\x69\xef\x68\xe1\
\xf7\x00\x92\x5e\x90\x74\x96\xa4\xef\x00\x8b\x02\xbf\x23\xfc\xcc\
\x3d\x31\x06\xf8\x3e\xa1\xa9\x59\x9c\x49\xc0\xf3\xc0\x04\xe6\x6e\
\xc6\x8b\xdd\xe8\x43\x19\x21\x49\x05\xc6\x7d\x2d\x25\x26\xf3\x26\
\xad\xdf\x9d\xcc\x16\x42\xcf\x86\x15\x18\xc0\x72\x06\x6b\x27\x8c\
\x4d\x43\xff\x01\xb3\xd8\xac\x5c\x21\x66\xb6\xa6\x99\x5d\x6e\x66\
\x49\x1e\x14\xc7\x71\x1c\xc7\x71\x7a\x09\x35\xf5\x14\x98\xd9\x12\
\xc0\x0d\x91\x1e\x2b\x02\x6f\xd6\x52\x9f\xee\x30\xb3\xdd\x09\x21\
\x3e\x9d\xa7\xff\x2b\x03\x3b\x49\x7a\x2a\x36\xf4\x4b\xf2\xe3\xff\
\xf3\x36\xf0\x92\x26\x9b\xd9\x17\xe4\x57\xf1\x19\x0a\xbc\x14\xbb\
\xd6\x69\x14\x7c\x4a\x30\x36\x5e\x05\xf2\xe2\xc9\x25\xb5\x03\xc7\
\xc5\xaf\x4f\xf9\x85\x26\xb5\x8d\xb0\xd3\x31\xce\x4a\xf8\xd1\x8a\
\x42\xc6\xc5\x33\x86\x2b\xae\x17\x92\xa6\x00\x27\x9b\xd9\x9f\x81\
\x73\x80\xfd\x28\x1c\x2f\x3f\x14\xb8\x59\xd2\x8c\x04\x39\x67\x41\
\x57\xfd\xcc\x2c\xa9\xb7\xc2\x64\xe0\x17\x84\x4d\xf7\x02\xd1\xbf\
\x83\x25\x25\x19\x25\xc5\x7a\x0a\x8a\x1d\x07\xc9\x06\x44\x51\x32\
\x6d\x51\xa6\x53\x46\x2e\x41\x9e\xbc\x8e\xf4\x21\x61\x66\xb6\x05\
\x21\xe7\x62\x07\x42\xf8\xd3\x27\x59\xe9\xe5\x38\x8e\xe3\x38\x4e\
\xe3\x51\x33\xa3\x20\xda\xf0\xdd\x48\x38\x69\x06\x58\xbe\x56\xba\
\xc0\x1c\x03\x65\x28\xb0\x88\xa4\xbf\x27\x0c\xf9\x03\xf9\xb1\xe0\
\x43\x81\xb8\x51\x50\xec\xa9\x7e\xe7\xd8\x0d\x8b\x18\x7b\x33\x70\
\x87\xa4\x8f\x0b\xc8\xe9\x91\xe9\xc7\x72\x4e\xeb\x28\xd6\x41\xec\
\x95\x62\xfa\x7d\x33\xbe\xe0\x84\xee\x06\x48\x7a\x17\x38\xc0\xcc\
\xae\x03\xfe\x02\x2c\x96\x30\xac\x3f\xf0\x4d\x82\x47\xa0\x47\x12\
\xc2\xa8\x90\x34\x99\xe0\x7d\x29\x86\x5d\x08\x39\x04\xb9\x06\xc4\
\x7f\x13\xc6\x4d\x07\x5e\xcc\x19\x33\x98\xe4\xd3\x7f\x28\x23\x24\
\xa9\xa5\x2f\x5f\xf5\xac\x72\xf1\x08\xe6\x29\x76\xac\x99\x0d\x04\
\x36\x00\xbe\x0d\xec\x45\x30\x6a\x3b\xb9\x3e\x4b\xbd\x1c\xc7\x71\
\x1c\xc7\x69\x3c\x6a\x62\x14\x98\x59\x2b\x70\x2b\x74\x09\x7f\x48\
\x53\xf7\xbe\x5c\x3d\xd6\x05\x2e\x23\x6c\x90\xe6\x8d\x2e\x4f\x33\
\xb3\x9b\x24\x75\xc4\x86\x8f\x25\xd9\x28\x88\x93\x64\x14\x2c\x68\
\x66\x43\xe2\x95\x85\x80\xdb\x08\x5e\x81\xb1\x39\x8f\x78\x05\x1d\
\x24\x7d\xd9\xed\x0f\x52\x04\x42\xb2\x25\x6d\xbf\xb6\x77\x99\x2c\
\xe3\xa8\xa2\x27\x1a\x7f\x9b\x2e\x7e\xaa\x53\x8a\xab\xc2\x23\xe9\
\x9f\x66\xb6\x26\xf0\x27\x92\x13\x61\x93\x8c\x85\x8a\x10\x19\x10\
\x93\x8b\x18\x77\x07\x70\x47\xe7\xf3\xa8\xe2\xd3\xc0\x02\xc3\x7f\
\x47\x08\x07\x9a\x9f\xb9\xc6\xc6\x3b\x09\xe3\xf2\x8c\x87\x8e\x69\
\x64\x7a\x1a\xdf\x22\x26\x25\x5d\x37\xb3\x45\x08\x46\xf6\x0a\xc0\
\x7a\x84\xcf\xd9\x3a\x24\x97\x82\x9d\x46\x78\x1f\x3a\x8e\xe3\x38\
\x8e\xd3\x8b\x29\x68\x14\xcc\x7b\xbe\x2d\x32\xbb\x2f\xdf\xb6\x0e\
\x36\x11\xcc\x8f\x21\xc4\x78\xc1\x53\x33\xe6\xe1\xfe\xb4\xcd\x93\
\xcc\x6c\x61\x42\x37\xdc\x6f\xc5\x6e\x65\x96\xdf\x60\x66\x8b\x03\
\xab\xd3\x35\xd4\xe7\x11\x49\x67\xc4\x86\x4e\x21\x6c\x9a\x72\x69\
\x23\xe4\x37\x4c\x88\x5d\x1f\x0b\x6c\x15\xbb\x16\x4f\xfe\x85\x10\
\xde\x23\x42\x98\xc8\x8c\xe8\xf9\x58\x12\x36\x99\x92\xce\xee\xfe\
\x27\xc9\x16\xed\xa5\x76\xe0\xe8\xb6\x51\x76\x0b\xe2\x3c\x60\xfd\
\x42\x63\x0d\x5e\x6c\x87\x53\x66\xfc\x5c\xb7\x97\xbc\x4e\x30\x7e\
\x76\x37\xb3\x43\x09\x1e\x96\xdc\x8e\xbd\x8b\x94\x2a\xaf\xda\x44\
\x61\x58\x89\xa7\xfa\x92\x8a\xf5\x52\x9c\x05\x5c\x41\x8e\x97\x42\
\x1f\x31\x91\xf0\x9a\x0f\xc9\x42\xcf\xe9\x7f\xe0\x10\x3b\xce\x0e\
\x20\x24\x7a\x2f\x11\x3d\x5a\xa3\x47\xb1\x5c\x26\xa9\x50\xa8\x94\
\xe3\x38\x8e\xe3\x38\xbd\x84\x3c\xa3\xa0\x6d\x94\x2d\x0f\xfc\x96\
\x3e\x7c\x1f\xd1\x57\xb9\x11\xd0\x16\x76\xba\xad\x53\xf8\x74\xe0\
\x08\x3b\x77\x5a\x3f\x46\xe9\xa8\xfc\xf8\xf0\x42\x98\xd9\x37\x09\
\xc9\xb7\x49\xa1\x42\x25\xb5\x56\x36\xb3\xc1\x84\xcd\xfe\xb8\x84\
\xe6\x54\x27\x90\xdf\xdc\xa9\x3d\x41\xcc\x5b\xc0\x2c\x92\x73\x00\
\x26\xc4\xae\x15\x15\x16\x24\x69\x8a\x99\x0d\x23\x9c\xf8\xbf\x9d\
\xe0\x71\xa8\x39\xd3\x7e\xae\x87\x80\x0d\x06\x8c\xb2\x55\xfb\x88\
\x1d\x65\xac\x04\x2c\x88\xf8\xdc\x8c\x37\x0d\x46\x4f\xfd\x39\xcf\
\x8b\xf2\xda\x5d\x4b\xfa\xb3\x99\x8d\x25\x9c\x44\x77\x9e\x9c\x27\
\xe5\x09\x34\x1d\x51\xa8\x57\x5e\xb8\x57\xdb\x08\xbb\x0f\xe3\x80\
\xb2\xe5\x7f\x0c\x1a\xcf\x76\x65\x8a\x99\x06\x21\x79\xdc\x71\x1c\
\xc7\x71\x9c\xde\x4d\x17\xa3\x60\xe0\x28\xdb\x13\x71\x39\x73\x43\
\x69\x0a\xb1\xa0\x8c\x73\x5a\x67\x73\x60\xdb\xf9\xb6\xcb\xb4\xe3\
\x95\x17\xf2\x12\xc7\xcc\xbe\x43\x48\x2a\x1e\x5c\x60\x48\x8f\x61\
\x1e\x66\x36\x82\x10\x06\x31\x94\xb9\xa1\x3c\x7b\x00\xb7\xc4\x86\
\x26\x6d\xe0\xf3\x4e\xf5\x25\xcd\x32\xb3\xb7\xc8\xdf\xdc\x27\xf5\
\x00\x18\x03\x3c\x47\x38\xf9\x7f\x2d\x5a\xe3\xd5\x24\x3d\x25\xfd\
\xbb\xf0\x4f\x51\x3f\xcc\xf8\xb9\x5e\xa5\xc0\xcf\x90\x15\x92\x1e\
\x31\xb3\x9d\x81\xfb\x09\xde\x92\x5e\x5d\x42\xd3\x8c\x8b\x44\xf9\
\x46\x41\xfb\xf3\x4c\xa6\xfc\x50\xac\xf3\x24\xbd\x5f\xae\x2e\x8e\
\xe3\x38\x8e\xe3\x34\x3e\x73\x42\x76\xda\x46\xd9\x81\x12\x37\xd2\
\xb3\x41\x90\xcb\x6a\xf4\xe1\xa9\xd6\xf3\x6c\x85\x42\x03\xcc\xac\
\xd5\xcc\xce\x07\xee\xa2\xb0\x41\x00\xd0\xd7\xcc\x0e\x36\xb3\x73\
\xcc\xec\xaa\x02\x63\xb6\x8a\x1e\xb9\xb1\xfd\xc5\xc6\xf5\x2f\x5d\
\xa0\x9a\x4d\xee\xd8\x0e\x82\xf7\x20\xef\x74\x5f\xd2\x68\x49\xeb\
\x49\xda\x4f\xd2\x69\x92\x6e\x90\xf4\x62\x01\x3d\x9d\x1c\x24\x3d\
\x01\x7c\x97\x10\x4e\x55\x76\x7e\x44\x23\x33\xf5\x18\x3d\xad\x7c\
\x23\xb6\x54\xc6\xcf\xfe\x84\xd5\x29\x2f\x41\xf8\x39\xe0\xcc\x32\
\xf5\x70\x1c\xc7\x71\x1c\xa7\x49\x30\x49\x0c\xba\xd0\x36\xe8\xe8\
\xe0\x31\xba\xc6\x7e\x17\x2f\x04\x5e\x9a\x36\x88\x4d\x74\x58\xd7\
\xb2\x90\x51\x22\xef\x55\xc0\x6a\x29\xc4\x2e\x24\xe9\xd3\x98\xbc\
\xeb\x81\x7d\x63\xe3\xae\x94\xf4\xc3\xd8\xb8\xc5\x21\x31\x09\x73\
\x4d\x49\x63\x62\x63\xb7\x21\x84\xb6\xbc\x0e\xbc\x9e\x54\x2e\xd3\
\xc9\x06\x33\xdb\x0f\x98\x24\xe9\xe1\x5a\xeb\x52\x4b\xe6\x3f\xc7\
\x16\x98\xd1\xca\x33\x88\x82\xc6\x74\x37\x4c\xb3\x16\xb6\x9e\x3a\
\x5c\xff\x01\x30\xb3\xe1\xc0\x48\x4a\x2f\x75\x3a\x83\xe0\xbd\xb9\
\x09\xb8\x3d\xde\x79\xd9\x71\x1c\xc7\x71\x9c\xde\x45\x8b\x61\xd6\
\xd1\xc1\x48\x52\x1a\x04\x00\x82\x35\xdb\xa6\x72\x64\xe7\x73\x33\
\x1b\x68\x66\x57\x10\x6a\xe9\xa7\x31\x08\xa0\x78\x0f\x40\x52\x5c\
\xff\xfb\xc0\x27\xc0\x1b\x84\x1c\x86\xf3\x81\xc3\x48\x08\x51\x92\
\xf4\x6f\x49\xff\x90\x34\xc6\x0d\x82\xca\x22\xe9\x7a\xe0\xd1\x5a\
\xeb\x51\x6b\x3e\xff\xa5\x3e\xd3\x2c\xb6\x27\xf9\xfd\x5c\x10\x83\
\x2f\xd4\xc2\x6e\x9d\x06\x01\x80\xa4\x0b\x81\x23\x80\x62\xbb\x81\
\x77\xe6\x89\x0c\x00\x76\x06\xae\x04\x7e\x50\x8a\x1e\x8e\xe3\x38\
\x8e\xe3\x34\x1f\x2d\xad\xa3\xd8\x16\xca\xef\x8c\x2a\x71\xbc\x1d\
\x64\x83\xcc\xec\x60\xc2\xa9\xfb\x0f\x29\xae\xa2\x90\x48\x48\xc8\
\xa4\x84\x72\x9f\x05\xe4\x2e\x2a\x69\x65\x49\xbb\x4a\x3a\x41\xd2\
\x9f\x13\x4a\x82\x3a\x55\xa6\x1e\x13\xaf\x6b\xc1\xf4\x13\x34\xae\
\x3f\x6c\x0a\xfc\x95\x84\x70\xb5\x3c\xc4\x23\x1d\x7d\xd8\x60\xfa\
\x70\xc5\x73\x5d\x90\xf4\x27\x60\x6b\xa0\x98\xd3\xfe\xb8\x47\x41\
\x24\x84\x33\x99\xd9\x50\xef\x72\xec\x38\x8e\xe3\x38\xbd\x87\xbe\
\x74\xb0\x4f\x46\x3d\x56\x87\xb4\x3c\xc7\xff\x3a\x60\xd9\x12\xe7\
\x19\xc9\x5e\x8a\x24\xa3\xe0\x69\xe0\x6c\xe6\x26\xfb\xbe\x1e\x0f\
\x31\xea\x24\x2a\x2b\xe9\x38\x75\xcb\x17\xc7\xe8\x53\xe0\x90\x01\
\xe7\xdb\x28\xeb\xc3\x41\x16\x4e\xee\x57\x60\xee\xe7\xe1\x5d\x60\
\x34\xc6\x35\xd3\x8e\xe9\x3e\x79\x5d\xd2\x13\x51\xd5\xab\x7b\x29\
\x6c\x28\x27\xf1\x84\xa4\xf7\x12\xae\x5f\x02\x6c\x65\x66\x4f\x11\
\x42\x8c\x6e\xf4\xa4\x64\xc7\x71\x1c\xc7\x69\x5e\xac\xf5\x02\xc6\
\x60\xac\x9e\x85\xb0\xd9\xa3\x61\xf6\xbf\xca\x12\x31\x91\xe0\x0d\
\x78\x1d\xf8\xa7\xa4\xbb\xb2\xd0\xab\x91\x31\xb3\xbe\x84\x10\x2c\
\x49\x7a\xa9\xd6\xfa\x38\x95\xc5\x6e\xb2\x3e\xf3\x8d\x63\xf0\x17\
\x2b\xf0\x65\xd4\x57\xa2\xb4\xf9\x66\x6b\x01\x0f\x91\xd0\x51\x39\
\x62\x2a\x5d\x7b\x66\x1c\x27\x69\x44\x4c\xc6\xc2\xc0\xfb\x74\xad\
\x4e\xd6\x0e\xec\x2b\xe9\xe6\x52\x75\x72\x1c\xc7\x71\x1c\xa7\xfe\
\xe9\x8b\xb1\x5c\x56\xc2\xac\xbb\xda\x42\x3d\x23\x60\xef\xa8\x52\
\x4d\xaf\x24\x32\x00\x86\x12\x1a\xaa\x75\x3e\xd6\x21\x6c\xe2\xae\
\x23\x83\x52\x96\x4e\x7d\x13\x19\x02\xf1\xbe\x1b\xc5\xcf\x97\x5e\
\x34\xb3\xbd\x80\x7f\x91\xdc\xc1\xf8\x1d\xe0\x7b\x84\x52\xbe\x7b\
\x10\x1a\x09\xc6\xf9\x1e\xf9\x3d\x4c\x0c\x78\x32\x3e\xd0\xcc\xfa\
\x49\xe9\x1a\x19\x3a\x8e\xe3\x38\x8e\x53\x3f\x58\xeb\x08\xa6\x90\
\xd0\x6d\x37\x0d\x6a\xe7\x96\x19\x27\x70\x29\xb0\x2e\x61\x43\xbb\
\x33\xa1\xdb\x6a\xb1\xdc\x21\xe9\xbb\x59\xe8\x52\xef\x98\x59\x3f\
\x42\xf3\xb5\x5c\x03\x60\x5d\x0a\x37\xf7\x7a\x4e\x52\xbc\xfb\x72\
\x53\x60\x66\x9b\x03\x3f\x03\x5e\x02\x5e\x26\xf4\x84\x98\x20\x95\
\xd7\x3c\xad\x37\x63\x66\x87\x00\x7f\x4e\xb8\xf5\xa2\xa4\xb5\x7b\
\x98\x7b\x0f\xb0\x7d\xec\xf2\x63\x92\xb6\x48\x18\xfb\x00\xa1\x5f\
\xc2\x4d\xc0\x35\x92\xde\x4c\xa9\xf2\x1c\x06\x5f\x60\x0b\xcf\x34\
\x36\xb5\x16\x16\x46\x98\x3a\x78\xa7\x9f\x78\xf1\xab\xe3\xf5\x61\
\xb9\xb2\x1d\xc7\x71\x1c\xc7\x49\xa6\x2f\xf0\x29\x19\x19\x05\xf4\
\x61\xbc\xa4\x07\x80\x07\x00\xcc\xcc\x08\x1b\xdd\xef\x46\x8f\x35\
\x7b\x90\xb0\x93\x99\x0d\x69\xb6\x84\xe0\x02\x06\xc0\xfa\x84\x0a\
\x30\xc5\x32\xd4\xcc\xac\x49\x37\xca\xdf\x27\x94\x9a\xcd\x2d\x37\
\x3b\xd3\xcc\xde\x04\x9e\x25\x18\x0a\xaf\x00\xff\xf5\xb8\xf6\xe2\
\x90\xf4\x17\x33\x5b\x11\x38\x31\x76\xab\xdb\x26\x81\x66\xd6\x87\
\xf0\x7d\x20\xba\x26\x25\xe7\x79\x14\xcc\x6c\x08\xf0\x2d\xc2\xf7\
\xc8\x29\xc0\xc9\x66\xf6\x34\x70\x84\xa4\xe7\x4b\xd1\xd7\x30\xeb\
\x3f\x92\x5d\x5b\xe0\x44\x5a\xd8\xc8\xa0\xa5\xb3\x4e\x92\xb5\xc0\
\x6c\x68\x6f\x1b\x69\x0f\xa9\x85\xf3\x92\x92\xad\x1d\xc7\x71\x1c\
\xc7\x29\x0f\x1b\x30\x82\x9b\x2d\x84\x11\x94\x8f\xf8\xd1\xb4\x63\
\xf5\xb7\x82\x8b\x99\xad\x00\x1c\x02\x1c\x0c\x2c\x52\x60\xd8\x8f\
\xa4\xc2\x32\xea\x1d\x33\x9b\x07\x58\x1b\xf8\x26\x21\x17\x60\x3d\
\x60\x03\xca\x28\xf9\x9a\xc3\x32\x92\xde\xc9\x40\x4e\xdd\x60\x66\
\x2d\xc0\x7b\x74\x6d\x48\xd7\x1d\x9f\x11\x0c\x84\x4e\x43\xe1\x59\
\xe0\x05\x49\xbd\xba\x53\x72\x12\xd1\x06\xff\x41\x20\xf7\x84\xff\
\x02\x49\xc7\x17\x31\xf7\x1b\x84\xef\x85\x9d\x81\x2d\x81\x15\xe3\
\xef\x3d\x33\x3b\x0c\xf8\x53\x6c\x6a\x07\xb0\xb4\xa4\x89\xc5\xea\
\x39\xef\xf9\xb6\xc8\xec\x3e\xdc\x40\xa8\xa0\xd4\x23\x06\xb7\x4f\
\x9b\xc9\x0f\x74\xa2\xf7\x56\x70\x1c\xc7\x71\x9c\xac\xb0\xd6\x11\
\xfc\x18\xf8\x4b\x06\xb2\x66\xf5\xeb\xcf\xe2\x5f\xfe\x4c\x9f\xf4\
\xb8\xa8\xd9\x00\x60\x4f\x42\xc8\xc8\x26\xb1\xdb\x37\x4b\xda\x2b\
\x03\x7d\x2a\x8e\x99\xcd\x0b\xac\x45\x57\x0f\xc0\x50\xa0\x4f\x85\
\x96\xdc\x4e\xd2\xfd\x15\x92\x5d\x13\xa2\xd0\xa1\x72\x7b\x17\x74\
\x00\xe3\x81\xff\x45\x8f\x97\x09\x3d\x2a\xde\xe8\xed\x4d\xb9\xcc\
\x6c\x59\xc2\x6b\xd2\x19\xc6\xf7\x43\x49\x57\x96\x28\x63\x61\x49\
\x79\x65\x83\xcd\xec\x5e\x60\xbb\xd8\xe5\xc7\x25\x6d\x9e\x30\xf6\
\x12\x42\x43\xc1\x9b\x25\xcd\x29\x2d\x3c\xf0\x22\x5b\x5a\xed\x3c\
\x06\x2c\x55\x8a\x4e\xc0\xcb\x7d\x66\x33\xec\xeb\x13\xd4\xad\xe7\
\xc3\x71\x1c\xc7\x71\x9c\xe2\x30\x46\xd0\xd6\x0a\xe3\x28\xfe\xa4\
\x36\x19\x71\xed\xb4\x63\xf5\xfd\x92\x15\x30\xfb\x36\x70\x0e\x21\
\xcc\x08\x60\x9c\xa4\x15\xcb\xd2\xa5\x02\x98\xd9\x60\x42\xf8\x53\
\xae\x01\xb0\x0a\xc5\xf5\x62\xc8\x8a\xa3\x25\x5d\x5c\xc5\xf5\x2a\
\x8e\x99\x1d\x03\x9c\x49\xe1\x5c\x8a\x72\xf9\x88\x50\xcd\xea\x8d\
\x9c\xc7\x9b\x04\x83\xa1\x57\x78\x17\xcc\xec\x4c\xe0\xd7\x84\x90\
\xa0\xa5\x0b\x94\x20\x2d\x55\xe6\x3c\x84\xd7\xb6\x35\x76\xeb\x18\
\x49\xa3\x62\x63\x87\x10\x0c\x82\xce\xe4\xe5\xff\x01\x37\xb3\x21\
\x57\xb5\xee\xc3\x1d\x65\x54\x3f\x7b\x74\xfa\x20\xb6\xd5\x61\x9e\
\xe8\xec\x38\x8e\xe3\x38\xe5\x62\x92\x68\x1b\x65\x87\xa0\xc4\xa4\
\xc4\x62\x99\x62\x62\xd5\xa9\xc7\xea\xdd\x54\x4a\x84\x30\x87\x5f\
\x01\x27\x13\x4e\xd9\xe7\x95\x34\xb5\x0c\x7d\xca\xc2\xcc\xe6\x03\
\xd6\xa0\xab\x01\xb0\x2a\xf9\x8d\x9f\xaa\xcd\x25\x92\x8e\xec\x79\
\x58\x63\x11\xe5\x9e\x2c\x4d\xf0\xb2\xac\x4e\x08\xbd\x5a\x8f\xf0\
\x3b\xa8\x94\xd7\x05\x42\xd9\xcd\x37\x80\x09\x04\x4f\x43\xe7\x63\
\x02\x30\xb1\x59\x7a\x5d\x44\xef\xe7\x71\xc0\x5b\x92\x36\xcc\x50\
\xee\x82\x84\xf0\xa2\xbd\x08\x1e\x83\x7e\xc0\xb2\xc5\x86\x19\x0d\
\x38\x9d\x3f\xd8\x3c\x1c\x5d\x9e\x0e\x9c\x30\xf5\xe7\x3a\xbf\x1c\
\x19\x8e\xe3\x38\x8e\xe3\x44\x46\x01\x40\xdb\x28\xbb\x02\xf1\xc3\
\x14\x32\x3a\x0c\xf6\x9c\x7a\x8c\x6e\x2d\x5b\x19\xb3\xf5\x81\x6b\
\x80\xfd\x25\x3d\x57\xae\xbc\x22\xd7\x9c\x9f\xb0\x11\xad\x37\x03\
\x20\x89\x07\x24\x0d\xab\xb5\x12\xd5\x22\x3a\x8d\xde\x94\x50\x22\
\x73\x77\x60\xd1\x2a\x2e\x3f\x1b\xf8\x80\x70\xc2\x3d\x99\x60\x40\
\x5c\x2d\xe9\xb1\x2a\xea\x90\x19\x66\x76\x3c\x30\x40\xd2\x99\x15\
\x92\xbf\x10\xb0\x85\xa4\xdb\x12\xee\xe5\x85\x19\xd9\x60\x9e\x1e\
\x70\x2a\x6b\x50\xbe\x87\xe8\xc3\xe9\xed\x2c\xaf\xe3\x35\xa5\x4c\
\x39\x8e\xe3\x38\x8e\xd3\xab\x99\x63\x14\xd8\x69\xd6\xbf\x75\x30\
\x97\x01\x3f\x28\x61\xfe\x74\xe0\x27\xd3\x8e\x29\x2d\x46\xb9\x5b\
\x85\xcc\x06\x02\x0b\x49\xe9\xbc\x0e\x3d\xc8\x5e\x82\xb9\xa5\x3f\
\x3b\xcb\xa6\x2e\x99\xf5\x3a\x11\x53\x80\x99\xc0\xe7\x84\x78\xee\
\xc1\xe4\x87\x5a\x94\xca\x24\x49\x95\xd2\xb7\xae\x89\xf2\x50\x7e\
\x08\xfc\x0e\x18\x52\x23\x35\xd6\xab\x96\xb1\x9a\x35\x66\xd6\x0a\
\x2c\x26\x69\x42\x95\xd7\x5d\x88\x60\x54\x75\xe9\x7b\xd0\x6f\x6f\
\x6e\xec\xb3\x31\x7b\x67\xb2\x06\xec\x9e\xc5\xa1\x84\xe3\x38\x8e\
\xe3\xf4\x66\xe6\x18\x05\x10\xca\x02\xb6\x8e\xe2\xc7\x88\x33\xe8\
\xf9\x54\xf6\xa9\x96\x0e\x8e\x9c\x72\x9c\x9e\xad\xa8\x86\x29\x31\
\xb3\xa5\xe9\xba\xf9\x5f\x97\x50\x4f\x3d\x2b\x66\x02\xaf\x11\x92\
\x5a\x5f\x22\x84\x9d\xbc\x07\xbc\x0d\x4c\x96\x34\x3b\x41\xa7\xfe\
\xcc\x0d\x91\xd9\x10\xd8\x0d\x58\xa6\xc4\x75\xe7\x93\xf4\x65\x19\
\x7a\x37\x34\x66\xb6\x38\x70\x1b\xe1\xf5\xab\x26\x13\x80\xe5\x9b\
\xb4\x24\x6c\xc5\x30\xb3\x36\x82\x97\x67\x4f\x42\xef\x83\x36\x40\
\x03\xce\xe2\x6e\x6b\x65\xc7\x6c\xd6\xe0\x8f\x53\x7f\xae\x9f\x66\
\x21\xcb\x71\x1c\xc7\x71\x7a\x2b\x96\xb4\xc7\xb1\x73\x6d\xde\xd6\
\x7e\xec\x6e\xc6\xee\x12\xab\x03\x4b\x63\x7c\x85\x78\xdf\x8c\x87\
\x3b\xc4\x6d\xd3\x8f\xd1\x7d\xd5\x57\x37\x19\x33\x5b\x8e\xae\x9b\
\xff\x75\xc9\xf6\x34\xf9\x6b\xe0\x05\xe0\xb9\x9c\xc7\x6b\xe5\x76\
\x72\x8d\x62\xe9\x37\x01\x7e\x03\x7c\xa7\xc8\x69\x1b\x4a\x7a\xa6\
\x9c\x75\x1b\x9d\xe8\xf4\xf9\x69\x60\xf9\x2a\x2e\x3b\x4a\xd2\x31\
\x59\x0a\x34\xb3\xed\x08\x89\xea\xcf\x48\x3d\x57\xed\x6a\x74\xa2\
\x70\xb0\x9d\x80\xb5\x07\x8c\x60\x7b\x0b\xdd\xba\xcb\x47\xdc\x3b\
\xed\x58\xed\x90\x89\x2c\xc7\x71\x1c\xc7\xe9\xa5\x24\x1a\x05\xf5\
\x4a\xb4\x89\x5e\x81\xfc\x10\xa0\x05\x32\x5c\xe6\x4b\xe0\x79\xc2\
\xc6\xff\xd9\xe8\xdf\xd7\x2b\x9d\x74\x6a\x66\x5b\x03\x57\xd3\x73\
\x38\xd3\x41\x92\xae\xae\xa4\x2e\x8d\x80\x99\xed\x04\xdc\x55\x21\
\xf1\x53\x80\x19\xc0\x17\xc0\xc2\xc0\xbc\xc0\xb7\x24\x95\x5b\x3a\
\xb5\x0b\x66\xf6\x3a\xb0\x52\xf4\xf4\x2d\xe0\x19\xc2\xfb\xed\x25\
\x60\x4c\x29\xb5\xfe\x1b\x8d\xb6\x91\x5d\x7e\xf6\x72\x79\x6a\xda\
\x31\x8a\x97\x36\x76\x1c\xc7\x71\x1c\xa7\x04\xfa\xf6\x3c\xa4\x36\
\x44\x4d\xad\x56\xa6\xeb\xe6\x7f\x1d\x60\xbe\x0c\x97\xf9\x9c\xb9\
\x27\xff\x9d\x06\xc0\x1b\xb5\x08\x11\x91\xf4\xa0\x99\xad\x0b\xdc\
\x02\x6c\xd6\xcd\xd0\x55\xaa\xa4\x52\x5d\x23\xe9\x9f\x66\xf6\x12\
\x3d\x77\xc9\x2e\x86\x57\x81\xeb\x09\x8d\xbe\x5e\x91\xf4\x69\xee\
\xcd\x28\x9f\x61\x66\x06\xeb\xe4\xca\x5c\x9d\xae\x9b\xe2\xe5\xa3\
\xc7\x3e\x39\x63\x3e\x05\x5e\x8c\xf4\x7b\x05\x18\x0b\x8c\xad\x44\
\xbe\x4d\xd5\x11\x9f\x67\x95\xca\x6f\xa1\x34\xaa\xe3\x38\x8e\xe3\
\x38\x65\x50\x17\x46\x41\x54\x92\x74\x15\xba\x86\x00\xad\x4d\x38\
\xa1\xcd\x8a\x4f\x99\xbb\xf1\x7f\x16\x78\x4e\xd2\xb8\x0c\xe5\x97\
\x8d\xa4\x0f\xcd\x6c\x47\xc2\xe6\x74\xdd\x02\xc3\xdc\x28\x98\xcb\
\xe5\xc0\xa8\x1e\x47\x15\xe6\x7d\xe0\xa7\x49\x15\x73\x72\x91\x34\
\xa3\x8c\x35\x0a\xb1\x7b\x11\x63\x16\x24\x74\xf9\xed\xd2\xe9\xd7\
\xcc\xbe\x22\x32\x10\x08\x06\xc3\x6b\xd1\xff\xc7\x4b\x0d\x52\x85\
\xa7\x85\x97\x11\x1b\x64\x21\xaa\xc3\x78\x23\x0b\x39\x51\x58\xda\
\x10\x49\xaf\x65\x21\xcf\x71\x1c\xc7\x71\x1a\x89\xaa\x1b\x05\x66\
\xd6\x97\xb9\x75\xe8\x3b\xbd\x00\x6b\x03\x03\x33\x5e\xea\x13\xe0\
\x9f\xc0\xfd\xc0\x7f\x24\x65\xb2\x71\xa8\x34\x92\xbe\x8c\x0c\x83\
\x97\x80\x45\x12\x86\xb8\x51\x30\x97\x9b\x81\x91\xa4\x2b\x1f\x3b\
\x0d\xd8\x4a\xd2\xeb\xd9\xaa\x54\x34\xbb\x95\x31\x77\x5e\x60\xfd\
\xe8\xd1\x05\x33\xfb\x88\x90\xec\x9e\xfb\x18\xdf\xf9\xff\x7a\xe9\
\xf0\x6c\x70\x9f\x48\x55\x02\x39\x9f\x8f\x79\x08\xe6\xe4\x68\x3c\
\x50\x6c\xa8\x5f\xf4\x5d\xb4\x1a\xb0\x23\x21\xd7\x61\x43\x12\x5e\
\x53\xc7\x71\x1c\xc7\xe9\x0d\x54\x34\xa7\xc0\xcc\xfa\x11\x1a\x50\
\xe5\x86\x00\xad\x49\xf9\xa5\x39\xbb\xe3\x23\xe0\x44\xe0\x9a\x72\
\x13\x81\x6b\x89\x99\xed\x41\xd8\xf4\xc6\x99\x09\x0c\x4a\xaa\x6e\
\xd4\x1b\x31\xb3\x27\x81\x8d\x53\x4c\x7d\x58\xd2\x56\x19\xab\x53\
\x34\x51\xa8\xd8\xb7\x08\x1e\x83\x2d\xaa\xb8\xf4\x67\xcc\x35\x16\
\x26\x44\x8f\xce\xe7\x6f\x56\xab\xb2\x95\x5d\x66\x03\x5b\xa7\x30\
\x8e\x32\x2b\x82\xe9\x53\x98\x71\x16\xd0\xc1\x97\x84\xb2\xbf\x53\
\x08\xde\xc0\xff\x00\xed\xc0\x2c\x42\xa1\x80\xc1\x04\xcf\xcb\x02\
\xd1\xbf\x8b\x13\xc2\x13\xfb\xe7\x88\xbb\x4a\x52\x29\x25\x99\x1d\
\xc7\x71\x1c\xa7\x69\xa8\x98\x51\x60\x66\xff\x04\x86\xd1\xf5\x8f\
\x6e\xa5\x99\x02\xac\xd3\x28\x5e\x81\x9e\x30\xb3\xbb\x08\x27\x98\
\x71\x56\x6e\x96\x9f\xb1\x5c\xcc\xec\x04\xe0\xdc\x14\x53\xdf\x92\
\xb4\x42\xd6\xfa\xa4\xc1\xcc\xd6\x01\x2e\x02\x36\xaf\xb1\x2a\x87\
\x4b\xba\xac\x5a\x8b\xb5\x8e\xb0\xa3\xcd\xb8\xb0\x1c\x19\xb3\xae\
\x82\xf6\x17\x32\x51\x67\x06\xb0\x4a\xb5\xfb\x38\x38\x8e\xe3\x38\
\x4e\xbd\xd0\x52\x41\xd9\x2b\x50\x5d\x83\x00\xe0\x8a\x26\xdb\x2c\
\x9f\x0a\x24\x59\x6d\x1e\x42\x34\x97\x5b\x52\xce\x5b\xde\xcc\x96\
\xca\x54\x93\x94\x48\x7a\x1e\xd8\x12\xb8\xa0\x86\x6a\xb4\x03\xb7\
\x57\x73\xc1\x19\x5f\xf1\x07\xe0\x5f\xa9\x05\x74\x70\x7d\xfb\x8b\
\xdc\x9d\x91\x3a\x67\xb8\x41\xe0\x38\x8e\xe3\xf4\x66\x2a\x69\x14\
\x4c\xaf\xa0\xec\x42\xd4\x65\x23\xb5\xb4\x48\xfa\x2f\x70\x6f\xc2\
\x2d\x37\x0a\x22\xa2\x64\xf1\x17\x53\x4e\x2f\x27\xae\x3f\x53\x24\
\x75\x48\x3a\x1e\xb8\xae\x46\x2a\x3c\x21\xe9\x83\x6a\x2e\xa8\x53\
\xd4\x31\xdd\x38\x00\xf1\x48\x8a\xe9\x77\x4f\xef\xcf\x8f\x10\x7b\
\x12\xca\x08\x97\xc3\x23\xc0\xd9\x65\xca\x70\x1c\xc7\x71\x9c\x86\
\xa6\x92\x46\xc1\xb4\x02\xd7\x27\x01\xf7\x01\x7f\x06\x4e\x03\x8e\
\x00\x0e\x27\xe4\x01\xdc\x4e\x70\xe3\xa7\x25\xd3\xb2\x91\x75\xc2\
\x5f\x12\xae\x0d\xad\xba\x16\xf5\x4d\x5a\x6f\xc1\x9e\x99\x6a\x91\
\x0d\xc7\x11\xe2\xe0\xab\x4d\xda\xd7\xb0\x2c\xf4\x73\x7d\x3e\xbd\
\x1f\xdb\x59\x08\x9f\x2a\x26\x4f\x66\x26\xe2\x77\xd3\xbf\xc1\x2e\
\x3a\x4a\x33\x08\xdf\x17\x17\x14\x39\x37\x89\xf7\x80\x03\x2a\xdd\
\x87\xc4\x71\x1c\xc7\x71\xea\x9d\x4a\xe6\x14\xdc\x4f\x48\xe6\xeb\
\xec\x03\xf0\x22\xf0\x52\x4f\x9d\x5b\xcd\x6c\x2d\xe0\x71\x60\x50\
\x8a\x65\xf7\x97\x74\x7d\x8a\x79\x75\x8b\x99\xf5\x07\x26\x12\x9a\
\x68\x75\xf2\xb8\xa4\x5a\xc7\x9f\xd7\x0d\x51\xcd\xff\x31\x29\xa6\
\x76\x00\x4b\x4a\x9a\x9c\xb1\x4a\x65\x61\x66\x0f\x02\x5b\xa5\x98\
\xda\x41\xf8\x9c\x3d\x0a\x8c\x63\x6e\xd5\xa1\x49\x84\xf0\xa0\x4e\
\xfa\x12\x2a\x5b\x2d\x46\xf8\x8c\x2e\x02\xdc\x20\x69\x52\x7a\xad\
\xcb\x67\xc0\x05\xf6\xcd\x3e\x7d\x38\x52\x62\x0f\xf2\x2b\x6f\x4d\
\x30\x71\x27\x7d\x39\x7f\xea\xd1\x7a\x27\x3e\xd7\xcc\x56\x01\xfe\
\x4b\x69\xdf\x1b\x1f\x10\x2a\x50\x79\x09\x52\xc7\x71\x1c\xa7\xd7\
\x53\x49\xa3\xa0\x6f\xda\x0a\x39\x66\xf6\x07\xe0\x67\x29\xa6\xee\
\x27\xe9\x86\x34\x6b\xd6\x33\x66\xf6\x67\xe0\x90\x9c\x4b\x9f\x48\
\x5a\xb8\xd0\xf8\xde\x88\x99\x8d\x25\x54\x93\x29\x95\x9f\x49\xba\
\x34\x6b\x7d\xca\xc1\xcc\xae\x06\xbe\x5f\xe4\xf0\x59\x84\xce\xce\
\xd7\x00\x0f\xc5\x1b\xaf\x35\x2a\x03\x47\xda\x92\x18\xcb\x5a\x3b\
\xd3\xd5\xc2\xe4\xa9\xc7\xf4\xdc\xdd\x39\x2a\xe5\x7b\x17\xc5\x97\
\xa8\xed\x00\x6e\x02\x0e\x91\xf4\x75\x19\xea\x3a\x8e\xe3\x38\x4e\
\xc3\x53\xb1\x3e\x05\x65\x96\xcc\x7c\x90\x74\x46\x41\xb5\x13\x9b\
\xab\xc5\xdd\x74\x35\x0a\x16\x32\xb3\x85\x25\x7d\x5c\x2b\x85\xea\
\x90\x5b\x80\x5f\xa6\x98\xb7\x07\x50\x57\x46\x01\xb0\x68\x11\x63\
\x3e\x23\x84\xcd\xfc\xa5\xda\xb9\x00\xd5\x20\x32\x02\x7a\x34\x04\
\x72\x91\xf4\x2f\x33\x3b\x97\x10\x8a\x58\x0c\x2d\x84\x2e\xd2\x8d\
\xd1\xf0\xcd\x71\x1c\xc7\x71\x2a\x48\x25\x73\x0a\xca\xe1\xad\x94\
\xf3\x2a\xd9\xff\xa0\x96\xdc\x4f\x7e\xbe\x84\x27\x1b\x77\x25\x6d\
\x4c\xfc\xb7\xcc\x6c\x48\xa6\x9a\x94\x81\x99\xcd\x43\xf7\x7d\x17\
\x66\x01\xe7\x03\x2b\x4a\x3a\xb3\x19\x0d\x82\x32\xf9\x0d\x21\xfc\
\xb0\x58\x7e\xad\x4a\x36\x6b\x71\x1c\xc7\x71\x9c\x06\xa1\x5e\x8d\
\x82\xb4\x5d\x57\x9b\xd2\x28\x90\xf4\x15\x21\x5e\x3a\x17\x37\x0a\
\xba\xf2\x5f\x20\x2f\xd6\xbc\x08\xfa\x02\xdf\xcb\x58\x97\x72\x38\
\x81\xd0\xb1\x38\x89\x31\xc0\x46\x92\x4e\x68\x96\x30\xa1\xac\x89\
\x3c\x94\x3f\xa6\xb8\x82\x05\x0f\x49\x1a\x1d\xbf\x68\x66\x07\x98\
\xd9\x48\x33\x2b\xc6\x63\xe3\x38\x8e\xe3\x38\x4d\x41\xbd\x1a\x05\
\x69\xdd\xf9\x03\x32\xd5\xa2\xbe\x88\x9f\x7e\xba\x51\x90\x43\x74\
\xda\x7b\x6b\xca\xe9\x7b\x64\xa9\x4b\x5a\xcc\xec\x08\xe0\xb7\x05\
\x6e\xff\x19\xd8\x20\xea\x69\xe0\x74\x83\xa4\xb1\xc0\x79\xdd\x0c\
\xb9\x83\x90\x78\x7d\x4a\xfc\x46\xd4\x85\xfd\x74\xe0\xe7\xc0\x38\
\x33\xbb\xd0\xcc\xe2\x49\xcf\x8e\xe3\x38\x8e\xd3\x74\xd4\xab\x51\
\x90\xb6\xc7\x41\x53\x7a\x0a\x22\xe2\x46\x81\x97\x25\xcd\xe7\x1f\
\x29\xe7\x6d\x63\x66\x0b\x66\xaa\x49\x89\x44\x9d\x99\x2f\x21\x3f\
\x49\x76\x36\x70\xb4\xa4\xc3\x24\x95\x53\xae\xb7\xb7\x71\x16\x85\
\xc3\x10\x8f\x20\x74\x05\x4f\xea\x8f\xf0\x63\x42\x9e\x01\x84\x4a\
\x46\x47\x03\xaf\x9b\xd9\x66\xd9\xab\xe8\x38\x8e\xe3\x38\xf5\x43\
\xb3\x19\x05\xcd\xec\x29\x88\x87\x0f\xad\x5a\x13\x2d\xea\x9b\xc7\
\x81\xf7\x53\xcc\xeb\x07\x7c\x37\x63\x5d\x8a\xc2\x02\xe7\x02\xe7\
\x92\x6f\x10\x4c\x01\x76\x93\x74\x71\xf5\x35\x6b\x6c\x24\x4d\x23\
\x6c\xe8\xe3\xbc\x27\x69\x92\xa4\x3c\x83\xc1\xcc\x5a\x81\x93\x12\
\xe6\x4c\x03\xdc\x43\xe3\x38\x8e\xe3\x34\x35\xf5\x6a\x14\xcc\x04\
\xd2\x24\xff\x35\xad\x51\x20\x69\x22\x90\x1b\x47\xbe\x6c\xb4\x89\
\x71\x22\x24\x75\x10\x42\x43\xd2\x50\xf5\x10\x22\x33\x1b\x00\xdc\
\x40\xc8\x23\x88\xf3\x3e\xb0\xa5\xa4\xbb\xaa\xab\x55\xf3\x20\xe9\
\x9f\xc0\x93\xb1\xcb\xb7\x77\x33\x65\x37\xe0\x1b\x09\xd7\xcf\x96\
\x34\x35\x7e\xd1\xcc\x2a\x56\xbd\xcd\x71\x1c\xc7\x71\xaa\x4d\x5d\
\x1a\x05\x51\x7c\x78\x9a\x50\x89\x66\xdf\x24\xbf\x92\xf3\xff\x3e\
\xc0\x8a\xb5\x52\xa4\x8e\x49\x5b\x85\xe8\xdb\x66\xb6\x40\xa6\x9a\
\x74\x43\x14\xae\x74\x3f\xb0\x77\xc2\xed\x97\x81\x4d\x24\x3d\x5b\
\x2d\x7d\x9a\x98\xb3\x63\xcf\xff\x5e\x68\x60\xd4\xf8\x70\x0b\x20\
\x37\xac\x68\x12\x21\x9f\xa3\x0b\x66\xb6\x3e\xf0\x96\x99\x0d\x8f\
\x8c\x3b\xc7\x71\x1c\xc7\x69\x68\xea\xd2\x28\x88\x48\x13\x42\xd4\
\xec\x7f\x9c\xff\x17\x7b\xee\xc9\xc6\xf9\x3c\x48\x57\x8f\x4a\xb1\
\xf4\x07\x76\xca\x58\x97\x44\xcc\x6c\x39\x42\xa8\xd3\x16\x09\xb7\
\xff\x0d\x6c\x2e\xe9\xed\x6a\xe8\xd2\x0b\xb8\x07\xe8\xec\xe7\x31\
\x96\x1e\xca\x95\x4a\x7a\x4c\xd2\x96\xc0\xb7\x09\x9d\xd8\x4f\x8d\
\x42\x91\xe2\x9c\x05\x2c\x05\x8c\x02\xc6\x9a\xd9\x61\x66\xd6\x27\
\x3b\xb5\x1d\xc7\x71\x1c\xa7\xba\xd4\xb3\x51\xe0\x9e\x82\x7c\x5e\
\x8e\x3d\x77\xa3\x20\x86\xa4\xce\x0e\xbf\x69\xa8\x78\x08\x91\x99\
\x6d\x40\x08\x69\x49\xfa\xdd\x5d\x05\x7c\x47\xd2\xe7\x95\xd6\xa3\
\xb7\x10\xbd\x1f\x3a\x13\xd0\xcf\x88\x42\xcc\x8a\x99\x37\x1a\xd8\
\x00\xb8\x3c\x7e\xcf\xcc\x3a\x8d\x86\x4e\x96\x01\xfe\x04\x9c\x51\
\x9e\xb6\x8e\xe3\x38\x8e\x53\x3b\xea\xd9\x28\x48\xe3\x29\x68\x76\
\xa3\x20\xee\x29\xf0\x0a\x44\xc9\xa4\x0d\x21\xda\xc1\xcc\x06\x67\
\xaa\x49\x0e\x66\xb6\x1d\xf0\x00\xc9\x1d\x8b\x2f\x02\x7e\x28\x29\
\xde\xa4\xce\x29\x9f\x1b\x80\x37\xa3\x7f\x8b\x46\x52\x87\xa4\xf6\
\x84\x5b\xa7\x25\x5c\x9b\x45\x42\x98\x91\xe3\x38\x8e\xe3\x34\x0a\
\x6e\x14\x34\x16\xb9\x46\xc1\x3b\xc0\xe4\x5a\x29\x52\xe7\xdc\x0b\
\x7c\x95\x62\x5e\x2b\xf0\x9d\x8c\x75\x01\xc0\xcc\x7e\x44\xf0\x60\
\xc4\x1b\x93\xcd\x06\x7e\x22\x69\xb8\x77\xd6\xad\x18\x8f\x00\x47\
\x45\x8d\xcd\xca\xc2\xcc\x96\x00\x56\x48\xb8\xf5\xd7\x02\x15\x8d\
\x96\x4f\x18\xeb\x38\x8e\xe3\x38\x75\x87\x1b\x05\x19\x60\x66\xcb\
\x9b\xd9\xcf\xcc\xec\xaf\x66\xf6\x82\x99\x6d\x5b\x89\x75\x24\x7d\
\x0c\x0c\x03\x86\x48\x5a\x46\x52\x52\xd5\x9a\x5e\x8f\xa4\xe9\x84\
\x58\xf2\x34\x64\x1a\x42\x14\x95\x1c\x3d\x95\x10\x86\xd2\x2f\x76\
\xfb\x6b\x60\x57\x49\x7f\xca\x72\x4d\xa7\x2b\xd1\x89\x7f\xda\xf7\
\x43\x5c\xd6\x24\x82\x51\x70\x38\x73\xcb\xdf\x4e\x07\xce\x8c\x8f\
\x35\xb3\xc5\x80\x31\x66\xf6\x98\x99\x6d\x95\xc5\xfa\x8e\xe3\x38\
\x8e\x53\x29\xea\xb9\xa4\x5e\x9a\x9c\x82\xfe\x99\x6b\x51\x1c\xfb\
\xd2\x75\x53\x30\x4f\xa5\x16\x92\xf4\x40\xa5\x64\x37\x19\xb7\x00\
\x7b\xa5\x98\xb7\x93\x99\x0d\x92\x94\xb6\xab\xf6\x1c\xa2\x92\x95\
\x97\x02\x87\x26\xdc\x9e\x04\xec\x24\xe9\x85\x72\xd7\x71\xaa\x4b\
\x14\xe2\x75\x99\x99\x5d\x0b\x1c\x05\x0c\x90\xf4\x5e\xc2\xd0\x5f\
\x01\x03\x81\xcd\x80\x07\xcd\xec\x6e\xe0\xb7\x5e\x55\xca\x71\x1c\
\xc7\xa9\x47\xea\xd9\x28\x68\x18\x4f\x01\x10\x8f\x3b\x6e\xf6\x2a\
\x48\x8d\xc0\x5d\x84\xf7\x50\xa9\xef\x89\x81\xc0\x0e\xa4\xef\x8e\
\x0c\x80\x99\xcd\x03\xdc\x48\x72\x38\xd2\x18\x82\x41\xf0\x6e\x39\
\x6b\x38\xb5\x25\x32\x1c\xcf\x49\xba\x67\x66\x4b\x11\xbc\x09\xb9\
\x7c\x07\x58\x10\xd8\xb8\xc2\xaa\x39\x8e\xe3\x38\x4e\xc9\x78\xf8\
\x50\x36\xc4\x8d\x82\x66\xcf\x6d\xa8\x7b\x24\x7d\x0d\x8c\x4e\x39\
\xbd\xac\x10\x22\x33\x5b\x9c\x10\xc7\x9e\x64\x10\xdc\x4f\x28\x39\
\xea\x06\x41\x73\xf3\x1b\x92\x0f\x07\x7e\x5b\x6d\x45\x1c\xc7\x71\
\x1c\xa7\x18\x9a\xcd\x28\xa8\xd5\x09\x7d\xbc\xcc\xa1\x1b\x05\xf5\
\x41\xda\x2a\x44\xbb\xa4\xed\x16\x6d\x66\xdf\x04\x9e\x02\xd6\x49\
\xb8\x7d\x39\xc1\x43\xf0\x65\x4a\xbd\x9c\xc6\xe1\x6b\xf2\x43\x20\
\x1f\x91\x74\x7f\x7c\xa0\x99\x6d\x66\x66\xcb\x54\x47\x2d\xc7\x71\
\x1c\xc7\x49\xa6\xd9\x8c\x82\x7a\xd9\x8c\xd7\x8b\x1e\xbd\x9d\x3b\
\x08\xd5\x7d\x4a\x65\x1e\x60\xbb\x52\x27\x99\xd9\xa6\x04\x0f\xc1\
\xd2\xb1\x5b\x02\x4e\x93\xf4\xe3\xa8\x6e\xbe\xd3\xe4\x48\x3a\x8e\
\xd0\x71\xfc\x22\xe6\x1a\x07\x27\xc7\xc7\x99\x59\x3f\x42\x7f\x8a\
\x37\xcc\xec\x4f\x66\xb6\x64\xf5\xb4\x74\x1c\xc7\x71\x9c\xb9\xd4\
\xb3\x51\x90\x26\xd1\xb8\x56\x9e\x82\xf9\x63\xcf\x3d\xa7\xa0\x0e\
\x90\xf4\x09\xf0\x50\xca\xe9\x25\x85\x10\x99\xd9\x1e\x84\x1e\x04\
\x0b\xc5\x6e\xcd\x04\x0e\x94\x74\x6a\x4a\x3d\x9c\x06\x45\xd2\x7b\
\x92\x86\x03\xab\x01\xbf\x90\xf4\x70\xc2\xb0\x83\x81\xe5\x09\x95\
\xa9\x0e\x23\x18\x07\xe7\x57\xb2\x5f\x86\xe3\x38\x8e\xe3\x24\x51\
\xcf\x46\x41\x23\x79\x0a\xe2\x46\x81\x7b\x0a\xea\x87\x5b\x53\xce\
\xdb\xd5\xcc\x8a\xaa\x66\x65\x66\xc3\x09\x49\xc5\xf1\xdf\xfb\x67\
\xc0\x76\x92\xae\x4d\xa9\x83\xd3\x04\x48\x1a\x27\xe9\xbc\xf8\xf5\
\x28\x44\xed\xa4\xd8\xe5\x36\xe0\x20\xf2\x43\x12\x1d\xc7\x71\x1c\
\xa7\xa2\x78\xf5\xa1\x6c\x58\x20\xf6\xdc\x3d\x05\xf5\xc3\x2d\xc0\
\xc5\x94\x6e\x00\xcf\x4f\xe8\x09\xf1\xaf\x42\x03\xcc\xac\x0f\x30\
\x0a\x38\x32\xe1\xf6\x78\x42\xfe\xc0\xab\x25\xae\xeb\xf4\x1e\x7e\
\x02\x2c\x95\x70\xfd\x8c\x28\x51\xbe\x64\xe6\x3d\xdf\x16\x69\x6f\
\x61\xeb\x0e\x63\xb1\x16\xd1\x2a\x78\xbf\x05\xc6\x4c\x39\x56\xcf\
\x97\xa7\xaa\xe3\x38\x8e\xd3\xec\x34\x9b\x51\x50\xab\xcd\xf8\x22\
\xb1\xe7\x6d\x35\xd1\xc2\xc9\x43\xd2\x64\x33\x7b\x92\x50\x2b\xbe\
\x54\xf6\xa0\x80\x51\x60\x66\x03\x08\xb1\xe0\x7b\x27\xdc\x7e\x06\
\xd8\x45\xd2\x07\x29\xd6\x74\x7a\x0f\x4f\x10\x42\xce\x72\x9b\x1d\
\xbe\x0b\x5c\x16\x1f\x68\x66\xeb\x03\xdf\x02\xfe\x28\x69\x5a\xfc\
\x7e\xdb\x28\x1b\x86\xf8\x0d\x7d\xd8\x02\x68\x31\x40\x16\xee\x75\
\x00\x6d\x23\x6d\xbc\xc1\x1f\xa7\xf5\xe5\x22\x1d\xa5\x34\xa1\x99\
\x8e\xe3\x38\x4e\x93\x53\xcf\xe1\x43\x69\xfe\x70\xb5\x44\x89\x7b\
\xd5\xe6\x9b\xb1\xe7\xee\x29\xa8\x2f\xd2\x56\x21\xfa\x6e\xd4\x80\
\xac\x0b\x66\xb6\x20\xa1\xdc\x69\x92\x41\x70\x3b\xb0\x95\x1b\x04\
\x4e\x4f\x48\x7a\x5a\xd2\x30\x60\x73\xe6\xe6\xbe\x9c\x11\x75\xe4\
\x8e\x73\x16\x70\x01\xf0\xb6\x99\x9d\xd8\x59\x1d\xcb\x2e\xb5\x79\
\xda\x46\xd9\x0d\x88\xfb\x81\x2d\x29\xfc\x9d\xbe\x9c\xe0\xdc\xd6\
\x76\x5e\xee\x3f\xc2\xd6\xca\xf6\x27\x71\x1c\xc7\x71\x9a\x81\x66\
\x33\x0a\xa0\xca\x21\x44\x51\x4d\xfa\x6f\xc4\x2e\xbb\x51\x50\x5f\
\xdc\x42\xa8\x00\x54\x2a\x0b\x01\x5b\xe7\x5e\x30\xb3\xe5\x08\x27\
\xbc\x9b\x27\x8c\xbf\x0c\xd8\x53\xd2\xd4\x14\x6b\x39\xbd\x14\x49\
\x8f\x4b\xda\x9a\x50\xf1\xea\x8a\xf8\x7d\x33\xfb\x16\xf0\xed\xe8\
\xe9\x10\x42\xc3\xb4\x57\x6d\x09\xdb\x61\xc0\x0c\x1e\x41\xec\x53\
\xfc\x62\xac\xd0\xc7\x78\xb4\x6d\x94\x6d\x55\xbe\xe6\x8e\xe3\x38\
\x4e\x33\x51\xcf\x46\x41\x9e\x8b\xbc\x48\xaa\x9d\x57\xf0\xed\x84\
\x6b\x1e\x3e\x54\x47\x48\x9a\x00\xa4\x8d\xa9\x9e\x53\x85\xc8\xcc\
\x36\x00\x9e\x04\x86\xc6\x97\x20\x94\x1c\x3d\x5c\x52\x9a\x12\xa8\
\x8e\x83\xa4\xfb\x0b\x94\xac\x3d\x3d\xef\x8a\xb1\x64\xeb\xd1\x9c\
\x68\xc9\xfd\x30\x7a\x62\x5e\xc4\x4d\x03\x2f\xb2\x78\xe9\x5c\xc7\
\x71\x1c\xa7\x17\x53\xcf\x46\x41\x5a\x4f\x41\xb5\x4f\xe9\x0f\xaa\
\x03\x1d\x9c\x9e\x49\x1b\x42\xb4\x87\x99\xf5\x35\xb3\xed\x08\xf1\
\xdf\x8b\xc6\xee\xcf\x00\xf6\xf7\x92\xa3\x4e\x25\x30\xb3\x6d\x08\
\x61\x41\x5d\xe8\xbb\x2d\x8f\x30\x80\xad\xca\x10\xbd\x30\xed\xfc\
\xa1\x8c\xf9\x8e\xe3\x38\x4e\x93\x51\xcf\x46\x41\x9a\x44\x63\xa8\
\xa2\xa7\xc0\xcc\xd6\x26\x16\x5e\x52\x6d\x1d\x9c\xa2\x49\x6b\x14\
\x2c\x0c\xfc\x11\xf8\x27\x30\x6f\xec\xde\x47\xc0\xd6\x92\x6e\x28\
\x47\x31\xc7\xe9\x86\x87\x08\xb9\x2b\xe3\xe6\x5c\x31\xa6\xf7\xdd\
\x81\x15\xca\x15\x2c\xd8\x79\xd0\x05\xb6\x5e\xb9\x72\x1c\xc7\x71\
\x9c\xe6\xc0\x8d\x82\x94\x44\x09\xa8\x97\x90\xfc\x1a\xba\x51\x50\
\x67\x44\xa5\x41\xd3\x96\x07\x3d\x84\xfc\x4a\x5d\xe3\x80\xcd\x25\
\x3d\x59\x96\x62\x8e\xd3\x0d\x92\x3a\x24\xdd\x04\xac\x0a\x1c\x0e\
\x4c\xec\xb3\x26\xb7\xd3\xc2\xb2\x19\x88\xb7\xf6\x16\xf6\xcb\x40\
\x8e\xe3\x38\x8e\xd3\x04\x34\xa3\x51\x50\xad\xd0\x9d\x0b\x80\x4d\
\x0b\xdc\x73\xa3\xa0\x3e\x49\xeb\x2d\x88\xf3\x14\xb0\x89\xa4\xd7\
\x33\x92\xe7\x38\xdd\x22\x69\x96\xa4\xcb\x80\x95\xfa\xed\xc5\xd8\
\xac\xe4\xb6\x84\x5e\x1c\x8e\xe3\x38\x8e\xd3\x94\x46\x41\x45\x37\
\xe4\x51\x7c\xf9\x85\xc0\xd1\xdd\x0c\xf3\x9c\x82\xfa\x24\x0b\xa3\
\xe0\x1f\xc0\x36\x92\x3e\xca\x40\x96\xe3\x94\x84\xa4\x69\xb4\xb1\
\x44\x56\xf2\x3a\x60\x99\xac\x64\x39\x8e\xe3\x38\x8d\x4d\x3d\x1b\
\x05\x75\x03\x03\x10\x6a\x00\x00\x20\x00\x49\x44\x41\x54\x97\x68\
\x6c\x66\x43\x81\x07\xe9\xde\x20\x00\xf7\x14\xd4\x25\x92\x9e\x03\
\xde\x2a\x43\xc4\x45\xc0\xde\x49\xcd\xa3\x1c\xa7\x8a\x64\x56\xdd\
\xcc\xf2\xf3\x64\x1c\xc7\x71\x9c\x5e\x4a\x3d\x1b\x05\x75\xe3\x29\
\x30\xb3\x15\xcc\xec\x0f\xc0\x18\x92\xeb\xd3\x57\x5c\x07\x27\x33\
\x6e\x4b\x39\xef\x69\x49\xc3\x25\x75\x64\xaa\x8d\xe3\x94\x88\xc1\
\xe7\x19\x8a\xfb\x30\x43\x59\x8e\xe3\x38\x4e\x03\xd3\x8c\x46\x41\
\x26\x9e\x02\x33\x9b\xdf\xcc\x0e\x32\xb3\xbb\x81\xd7\x81\x9f\x01\
\xc5\x76\x4b\x76\xa3\xa0\x7e\x49\x1b\x42\xb4\xae\x99\x2d\x9c\xa9\
\x26\x8e\x93\x02\xc1\x8b\x19\x8a\xcb\x2c\x3f\xc1\x71\x1c\xc7\x69\
\x6c\xe2\x15\x55\xea\x89\xaa\x76\x34\x36\xb3\x79\x81\x8d\x08\x89\
\x77\x9b\x03\x1b\x52\xbc\x11\x10\xc7\x73\x0a\xea\x97\x27\x81\x49\
\x50\x72\x5c\x76\x5f\x60\x67\xe0\x6f\x59\x2b\xe4\x38\x25\x21\xee\
\xc3\x10\x60\xe5\x8a\x32\x71\x67\x06\x1a\x39\x8e\xe3\x38\x4d\x40\
\x33\x7a\x0a\x7a\x34\x0a\xcc\x6c\xb0\x99\x6d\x69\x66\xc7\x98\xd9\
\x35\x66\xf6\x0a\xc1\x25\x7f\x3f\x70\x22\xb0\x19\xe9\x0d\x82\xa2\
\x74\x70\x6a\x43\x14\xfe\x93\x36\x84\x68\xb7\x2c\x75\x71\x9c\x34\
\x4c\x3b\x4e\x6f\x5b\xe8\x9b\x51\xb6\x28\x9b\x8d\xf7\xd8\x70\x1c\
\xc7\x71\x80\xfa\xf6\x14\x64\x12\x3e\x64\x66\x83\x81\x35\x81\xf5\
\x72\x1e\xab\x50\x59\x83\xc8\x3d\x05\xf5\xcd\x2d\xc0\x4f\x53\xcc\
\xdb\xde\xcc\xe6\x95\xf4\x55\xd6\x0a\x39\x4e\x29\x98\x71\x8a\xc4\
\x0e\x94\xf1\x1d\x3e\xfb\x11\xbe\x9a\x7d\x1b\x87\xdb\x89\x76\x1b\
\xf0\xa1\xa4\x89\xd9\x69\xe8\x38\x8e\xe3\x34\x1a\x26\xa9\xd6\x3a\
\x24\x62\x66\x8b\x00\x1f\xa4\x98\xfa\x57\xe0\x4d\x60\x5d\x82\x01\
\xb0\x7c\x96\x7a\x95\x40\x1f\x4f\x4a\xad\x4f\x22\x43\xf1\x23\xa0\
\x7f\x8a\xe9\xfb\x48\xba\x31\x63\x95\x1c\xa7\x64\x06\x8e\xb2\xe3\
\x25\xce\x4b\x33\xb7\xe3\x1d\x98\x79\x29\x30\x73\xce\x25\x01\x2f\
\x01\xe7\x03\xff\x91\xf4\x46\x26\x4a\x3a\x8e\xe3\x38\x0d\x43\x3d\
\x1b\x05\xf3\x91\x6d\x95\x8d\x6a\x33\xd0\x4b\x57\xd6\x1f\x66\xb6\
\x10\x70\x3b\x21\x44\x2c\x0d\x37\x48\xf2\x2e\xb0\x4e\x66\x98\xd9\
\x82\xc0\x56\xc0\x14\xe0\x01\x49\xb3\x8b\x9a\x87\x59\xeb\x28\xce\
\x46\x9c\x58\xca\x7a\x82\xe7\x66\x9e\xce\xa7\xfa\xbc\xdb\xc6\x65\
\x9f\x01\xcf\x10\xba\x80\xbf\x0b\x4c\x04\xde\x03\x26\x03\xed\xc0\
\x54\x60\x31\x60\x29\x60\x49\x60\x20\x70\x91\xa4\xf6\x52\x74\x71\
\x1c\xc7\x71\xea\x87\x7a\x36\x0a\x06\x90\x3e\x84\xa8\x54\x66\x10\
\xaa\x70\xbc\x0e\xbc\x91\xf3\xef\xfb\x84\x3f\x7e\xfd\x80\x41\x84\
\xb0\xa3\x8d\x80\x7d\x81\x65\x7b\x90\xb9\xa0\xa4\xcf\x2a\xa4\xaf\
\x93\x02\x33\x5b\x01\xf8\x17\xb0\x72\x19\x62\xbe\x06\x86\x48\xaa\
\xd6\x7b\xd3\x69\x52\xcc\xac\x3f\xf0\x2b\xe0\x97\xcc\xcd\x43\x9a\
\x08\x1c\x21\xa9\xe8\x04\xe0\xb6\x11\xf6\x7d\x8c\xf3\x81\x45\x7b\
\x18\xda\x0e\xfc\x79\xfa\x97\x1c\xc3\xa9\x2c\x02\xbc\x0c\xcc\x53\
\xba\xe6\x79\x74\x00\xbb\x48\xfa\x57\x06\xb2\x1c\xc7\x71\x9c\x1a\
\x51\xcf\x46\x81\x01\xb3\xc9\x3e\xf6\x7f\x1a\xc1\x4d\xfe\x2c\xf0\
\x5c\xf4\xf8\x9f\xa4\x59\x25\xe8\xd6\x17\x38\x02\x38\x8f\xc2\xf9\
\x03\x4b\x48\x7a\xbf\x4c\x5d\x9d\x8c\x30\xb3\x8d\x81\x3b\x80\x21\
\x19\x88\xdb\xb5\x94\x4d\x9b\xe3\xc4\x31\xb3\xf5\x80\x2b\x80\x35\
\x12\x6e\x0b\xd8\xb9\x94\x4d\xb6\x5d\x6c\x83\xdb\x66\x73\xa8\xc4\
\x3e\x18\xeb\x02\x7d\x72\x6e\x8f\x37\xe3\x9e\x0e\xe3\xc2\xe9\xc3\
\x35\xa7\x04\xa9\x99\xdd\x42\x36\xc9\xf3\xa7\x48\x3a\x3d\x03\x39\
\x8e\xe3\x38\x4e\x0d\xa9\x5b\xa3\x00\xc0\xcc\xa6\x52\x5e\xf7\xce\
\x29\xc0\x0b\xcc\xdd\xfc\x3f\x0b\xbc\x5a\xac\x7b\xbe\x27\xcc\x6c\
\x18\x70\x37\xc9\xc9\x7e\xcb\x4b\x1a\x9f\xc5\x3a\x4e\x79\x98\xd9\
\x6e\xc0\xb5\x64\xd7\x09\xf6\x0a\x49\x07\x67\x24\xcb\xe9\x45\x44\
\xde\x81\xdf\x12\xbc\x03\xdd\x25\x09\xa7\xde\x68\xdb\x69\xd6\x7f\
\xc0\xbc\xc1\x93\xd9\x5f\x7c\xfa\xe5\x71\xfa\xb8\x80\x2e\x8b\x12\
\xbc\xa2\x83\xd3\xac\x13\x71\x33\x21\xcf\xc6\xf3\xa7\x1c\xc7\x71\
\x1a\x9c\x7a\x37\x0a\x3e\x03\xe6\x2f\x71\xda\xbf\x09\x27\x70\xcf\
\x01\x63\x2b\x1d\xe3\x6a\x66\x27\x03\xa7\x25\xdc\x5a\x55\xd2\x6b\
\x95\x5c\x3b\x47\x87\x36\xe6\x56\x58\x5a\x4c\xd2\xc9\xd5\x58\xb7\
\x11\x30\xb3\x63\x09\x1e\x9d\xb8\xc7\xe9\x6b\xe0\x4a\x42\x53\xba\
\x52\xf9\x84\xf0\x3a\x67\x62\x5c\x3a\xbd\x83\x1e\xbc\x03\x71\x0e\
\x90\x74\x5d\x85\x55\xc2\xcc\xb6\x07\xee\x49\x39\xfd\x46\xe0\xfb\
\xa5\x78\x59\x1d\xc7\x71\x9c\xfa\xa5\x9e\xfb\x14\x40\xba\x9c\x82\
\x87\x25\x5d\x23\xe9\x95\x2a\x25\xbd\x9d\x4f\xa8\x64\x13\xa7\x9a\
\xbd\x0a\xc6\x03\x4f\x01\x97\x00\x5b\x54\x71\xdd\xba\xc5\xcc\xfa\
\x98\xd9\x45\xc0\x05\xe4\xbf\xcf\x27\x13\x12\x3b\x7f\x41\xf0\x26\
\x95\xca\x42\xc0\x96\x65\x29\xe8\xf4\x1a\xcc\xac\xbf\x99\x9d\x41\
\xf8\x8c\x16\x63\x10\xb4\x03\xa3\x2b\xab\x55\x40\xd2\xbd\xc0\xe3\
\x29\xa6\xfe\x11\xd8\xdf\x0d\x02\xc7\x71\x9c\xe6\xa1\x19\x8d\x82\
\xaa\x36\x0e\x93\x34\x15\x48\x3a\xd1\xab\x8a\x1e\x51\x79\xcd\xdc\
\x04\xc3\xb7\xab\xb1\x6e\x3d\x63\x66\xad\x84\xdf\xc9\x51\x09\xb7\
\xdf\x04\xb6\x90\xf4\x6c\xf4\xbb\xbb\x37\xe5\x32\xde\xc8\xcc\xe9\
\x11\x33\x5b\x93\x60\x0c\x9c\x44\xf1\x3d\x05\xfe\x2d\xe9\xc3\xca\
\x69\x95\xc7\xa9\x25\x8c\x9d\x42\xf0\x62\xfc\xd4\x2b\x0d\x39\x8e\
\xe3\x34\x17\xf5\x6e\x14\xcc\x48\x31\xa7\x16\x8d\xc3\xee\x48\xb8\
\x56\x2d\x3d\x56\x8c\x3d\x9f\x50\xa5\x75\xeb\x92\xa8\xe4\xe8\x68\
\x60\xef\x84\xdb\x4f\x02\x9b\x48\x7a\x33\xe7\xda\xad\x29\x97\xda\
\xc3\xcc\xea\xfd\xf3\xe3\xd4\x08\x33\xeb\x67\x66\x27\x12\xca\x7a\
\xae\x53\xe2\xf4\xbf\x57\x40\xa5\x82\x48\x1a\x4d\xf1\xde\x82\x41\
\xc0\x09\x51\x25\x2f\xc7\x71\x1c\xa7\x89\xa8\xf7\x4d\x4d\x1a\x4f\
\x41\x56\xc9\xa4\xa5\xf0\x24\xa1\x52\x52\x2e\xd5\xf2\x58\xc4\xff\
\x38\x4f\xa8\xd2\xba\x75\x47\xb4\x51\x79\x82\xe4\x1e\x04\xb7\x00\
\xdb\x4a\x79\x49\x97\x77\x92\xdb\xc2\xa9\x78\x16\x23\x94\xa7\x75\
\x9c\x2e\x44\xde\x81\xff\x00\xe7\x50\x7a\x83\xbc\x59\xa4\x37\x54\
\xcb\xe1\xe2\x12\xc6\xae\x0d\xa5\xf5\x46\x70\x1c\xc7\x71\xea\x9f\
\x66\x34\x0a\xaa\xee\x29\x88\x9a\x94\xbd\x5b\x23\x3d\xdc\x53\xc0\
\x9c\x92\xa3\x4f\x92\xdc\x83\xe0\x22\x60\xaf\xa4\x66\x72\x92\xbe\
\x00\x1e\x4c\xb9\xec\xee\x29\xe7\x39\x4d\x48\x99\xde\x81\x4e\xee\
\x91\xf4\x69\x86\x6a\x15\xcb\x6d\x84\x04\xfa\x62\x78\x05\x38\xb6\
\x82\xba\x38\x8e\xe3\x38\x35\xa0\xde\x8d\x82\x34\xe1\x43\x55\xcd\
\x29\xc8\x61\x5c\xec\x79\xad\x3c\x05\xbd\x2e\xa7\x20\x2a\x39\xfa\
\x6f\xf2\x7b\x10\x08\xf8\x85\xa4\xe1\x3d\x94\x4c\x4c\x7b\x32\xbb\
\x67\xca\x79\x4e\x93\x51\xa6\x77\x20\x97\xaa\x86\x0e\x75\x22\x69\
\x06\x70\x75\x81\xdb\xb9\x4d\x18\xa7\x10\x0c\xec\xaf\x2b\xaf\x95\
\xe3\x38\x8e\x53\x4d\xea\xdd\x28\x68\x94\xf0\x21\xa8\x9d\x51\x90\
\xeb\x29\x68\x07\xde\xab\xd2\xba\x75\x81\x99\x0d\x27\xd4\x4a\x8f\
\xff\xde\x67\x00\xfb\x4a\x3a\xaf\x08\x31\xb7\x11\x5e\xbb\x52\x59\
\xd6\xcc\xd6\x4e\x31\xcf\x69\x12\x32\xf2\x0e\x74\x32\x9d\x10\xce\
\x56\x2b\xfe\x5a\xe0\xfa\x65\xc0\x70\x42\x98\xdd\x61\x92\x5e\x89\
\x0f\x30\xb3\x15\xcc\x6c\xab\x0a\xea\xe6\x38\x8e\xe3\x54\x98\x66\
\x34\x0a\x6a\xe5\x29\x78\x27\xf6\xbc\x16\x46\xc1\xc4\xde\x52\x22\
\x30\xa7\xe4\xe8\x28\xf2\xdf\xc7\x9f\x02\xc3\x24\xdd\x58\x8c\x2c\
\x49\x1f\x10\x72\x11\xd2\xe0\x55\x88\x7a\x29\x19\x7a\x07\x3a\xb9\
\x53\xd2\x97\x19\xc8\x49\x85\xa4\xff\x11\x42\x83\xba\x5c\x06\x2e\
\x97\x74\x11\x30\x34\xa9\x77\x42\x54\xed\xeb\x26\x60\xb4\x99\xfd\
\x32\xea\x46\xef\x38\x8e\xe3\x34\x18\x6e\x14\x64\xc7\x17\xb1\xe7\
\x15\xd7\xc3\xcc\x06\x02\x4b\xe4\x5c\x9a\x50\xe9\x35\xeb\x81\x1e\
\x4a\x8e\x8e\x07\x36\x95\xf4\x58\x89\x62\xd3\x86\x10\x79\x5e\x41\
\x2f\x23\x63\xef\x40\x2e\x35\x09\x1d\x8a\x11\x6f\x64\xf6\x77\x49\
\xaf\x03\x48\x9a\x50\x60\xce\xc5\x84\xd7\xa1\x0f\x70\x36\x70\xa7\
\x99\x2d\x58\x31\x0d\x1d\xc7\x71\x9c\x8a\xe0\x46\x41\x76\x7c\x15\
\x7b\x5e\x8d\x44\xe3\x6f\x02\xb9\xa7\x72\x13\xaa\xb0\x66\x4d\xe9\
\xa1\xe4\xe8\xd3\xc0\xc6\x92\xc6\xa6\x10\x7d\x2b\xe1\x54\xb4\x54\
\x56\x37\xb3\xa1\x29\xe6\x39\x0d\x48\x05\xbc\x03\x9d\x7c\x05\xfc\
\x2b\x43\x79\x69\xf9\x4f\xce\xff\xa7\x03\xbf\xea\x6e\xb0\x99\xfd\
\x00\x38\x24\x76\x79\x27\xe0\x49\x33\xcb\xf2\xf5\x71\x1c\xc7\x71\
\x2a\x4c\xbd\x1b\x05\x8d\x94\x68\x1c\x77\xfb\x57\x43\x8f\x78\x77\
\xd4\x09\x55\x58\xb3\x66\xf4\x50\x72\xf4\x76\x60\xeb\xb4\x4d\x9f\
\xa2\x53\xd0\xe7\x53\xaa\xe6\x21\x44\x4d\x4e\x11\xde\x81\xe9\xc0\
\xef\x48\x77\x90\x01\x70\x5b\x52\x75\xac\x1a\xf0\x5a\xce\xff\xcf\
\xea\xc6\x3b\x80\x99\x0d\x00\x4e\x2f\x70\xfb\x52\x49\x69\x4a\xfd\
\x3a\x8e\xe3\x38\x35\xa2\xde\x8d\x82\x46\x4a\x34\x9e\x48\x88\xab\
\xfd\x25\xb0\x1d\xa1\x0c\x66\xa5\x59\x3d\xf6\xbc\x69\x2b\x0f\xf5\
\x50\x72\xf4\x2f\xc0\x9e\x51\x87\xe2\x72\xf0\x10\x22\x27\x8f\x22\
\xbc\x03\x4f\x03\xeb\x02\xaf\x92\xfe\x30\xa0\x1e\x42\x87\x00\x5e\
\x27\x24\xdd\x3f\x0c\x9c\xd5\xdd\xc0\xa8\x62\xd1\x66\xe4\xe7\xe3\
\xdc\x28\xe9\xc2\xca\xa8\xe7\x38\x8e\xe3\x54\x8a\x66\x34\x0a\x6a\
\xe2\x29\x90\xf4\x8c\xa4\xbd\x25\xfd\x5e\xd2\xfd\x51\xfd\xfb\x4a\
\xb3\x66\xec\x79\x53\x1a\x05\x66\xb6\x3b\x85\x4b\x8e\x9e\x26\xe9\
\x50\x49\xf1\xe6\x71\x69\xb8\x25\xe5\xbc\xf5\xcd\x6c\xe9\x0c\xd6\
\x77\xea\x88\x22\xbc\x03\xb3\x80\xdf\x03\x9b\x4b\x7a\x15\xd8\x27\
\xe5\x52\x9f\x01\xf7\xa7\x9c\x9b\x29\x92\xa6\x03\xcf\x02\xfb\x4b\
\xea\xb1\x22\x97\xa4\xf7\x80\xad\x99\x7b\x08\xf2\x3a\xf9\xe1\x44\
\x00\x78\x9e\x81\xe3\x38\x4e\x7d\xd3\x8c\x46\x41\xd5\x9b\x97\xd5\
\x82\xa8\xc2\xc7\xfa\xb1\xcb\x13\x6a\xa0\x4a\x45\x89\x4a\x8e\xde\
\x44\xbe\x07\x68\x26\xf0\x7d\x49\xa7\x66\xb5\x56\x54\x6a\xf1\xb5\
\x1e\x07\xe6\x63\x78\x08\x51\x53\x51\x84\x77\xe0\x45\x60\x43\x49\
\xbf\x94\x34\xcb\xcc\x06\x03\xdb\xa7\x5c\xee\xe6\x3a\x0b\xb5\xd9\
\x5d\xd2\xa4\x62\x07\x4b\x9a\x29\x69\x38\x21\xcf\x67\x4f\x49\xf1\
\xfc\x2a\xcc\x6c\x67\x60\xbc\x99\x25\xe5\x02\x39\x8e\xe3\x38\x75\
\x40\xbd\x1b\x05\x8d\x94\x53\x50\x6d\x56\x01\xe6\xcf\x79\xde\x41\
\x7e\x57\xe5\x86\xa5\x87\x92\xa3\x9f\x03\xdb\x27\x95\x47\xcc\x80\
\xb4\x21\x44\x6e\x14\x34\x01\x25\x78\x07\x36\x90\xf4\x42\xce\xf5\
\xdd\x68\xfc\xd0\x21\x00\x24\x4d\x4c\x39\xef\x26\x49\x63\xe2\xd7\
\x23\x2f\xda\xdf\x80\xc1\xc0\xdf\xcd\xec\x4f\x9e\x84\xec\x38\x8e\
\x53\x7f\xb8\x51\xd0\xb8\x6c\x14\x7b\x3e\xb1\xce\x4e\x1b\x53\xd3\
\x43\xc9\xd1\x89\xc0\x56\x92\x1e\xaa\xd0\xf2\x69\x8d\x82\x2d\xcc\
\x6c\xb1\x4c\x35\x71\xaa\x4a\x11\xde\x81\x97\x80\x8d\x3a\xbd\x03\
\xb1\x7b\x69\x43\x87\x26\x03\x0f\xa5\x9c\x5b\xf7\x44\xc9\xc8\xff\
\x00\x16\xca\xb9\x7c\x18\xf0\x90\x99\x2d\x59\x1b\xad\x1c\xc7\x71\
\x9c\x24\xea\xdd\x28\x48\x53\x8d\xa3\xb5\x97\x34\xcf\xd9\x34\xf6\
\xbc\x29\xf2\x09\x7a\x28\x39\x3a\x86\x50\x72\xf4\xc5\x0a\xaa\xf0\
\x5f\xf2\x1b\xd1\x15\x43\x0b\xb0\x4b\xc6\xba\x38\x55\xa0\x44\xef\
\x40\x5e\x85\x2a\x33\x5b\x00\xd8\x36\xe5\xf2\x37\x15\x13\xbb\xdf\
\xc0\x9c\x47\x7e\x98\x23\xc0\xd2\x84\xd7\xd5\x71\x1c\xc7\xa9\x13\
\xea\xdd\x28\x48\xe3\x29\x30\xb2\xad\x1f\x5e\xaf\x0c\x8b\x3d\x9f\
\x50\x0b\x25\xb2\xa4\x87\x92\xa3\xa3\x09\x09\x9d\xef\x55\x52\x07\
\x49\x02\x6e\x4b\x39\xdd\x43\x88\x1a\x8c\x22\xbc\x03\x9d\x86\xe8\
\x2f\xbb\xf1\xc4\xed\x59\x60\x6e\x31\xd4\x55\xe8\x50\x05\xb8\x02\
\x78\x2b\x76\x6d\x36\xb0\x5f\xda\xf2\xc1\x8e\xe3\x38\x4e\x65\xa8\
\x77\xa3\x20\x6d\xcd\xef\xa6\x0e\x21\x8a\x9a\x65\x2d\x17\xbb\x3c\
\xa1\x06\xaa\x64\x46\x0f\x25\x47\xff\x06\xec\x28\x29\xde\x0b\xa2\
\x52\xa4\x0d\x21\x1a\x16\x9d\x1a\x3b\x75\x4e\x11\xde\x81\xd9\x04\
\xef\xc0\xfa\x92\x9e\xeb\x41\x5c\xda\xd0\xa1\x77\xc9\x2f\xe7\xd9\
\x54\x44\x9e\x95\x75\x08\x21\x44\x9d\x9c\x28\xe9\xd1\x1a\xa9\xe4\
\x38\x8e\xe3\x14\xa0\x59\x8d\x82\x5a\xf5\x2a\xa8\x16\xdb\x25\x5c\
\x6b\xd8\xf0\xa1\x6e\x4a\x8e\x42\xd8\x98\x1d\x9c\x10\xc3\x5d\x49\
\x1e\x05\xd2\x9c\x62\xf6\x23\x74\x73\x75\xea\x98\x8c\xbc\x03\x9d\
\xb2\x86\x00\x5b\xa6\x54\xe5\x86\xc8\x33\xd5\xd4\x44\xc6\xfc\x5e\
\xc0\xaf\x09\x95\xc4\x46\xc6\xc7\x44\x85\x05\xfe\x16\x1d\x0e\x38\
\x8e\xe3\x38\x35\xa0\xde\x8d\x82\x34\xe1\x43\xd0\xe4\x9e\x02\x92\
\x4f\x26\x27\x54\x5b\x89\x2c\xe8\xa6\xe4\xe8\x6c\xe0\xf0\x68\x63\
\x56\xd5\x8d\x53\x14\xe3\x7d\x47\xca\xe9\x1e\x42\x54\xa7\x94\xe8\
\x1d\x78\xb6\x48\xb1\xfb\x00\x7d\x53\xaa\xd4\xec\xa1\x43\x73\x50\
\xe0\x6c\x60\x9f\x02\x9f\xe7\x53\x80\x1f\x00\x0f\x9b\xd9\xd1\xd5\
\xd5\xce\x71\x1c\xc7\x81\xfa\x37\x0a\x3c\x7c\x28\x86\x99\x2d\x45\
\x7e\x92\x31\x34\x98\x51\xd0\x43\xc9\xd1\xaf\x81\xef\x4a\xba\xac\
\xfa\x9a\xcd\x21\x6d\x08\xd1\x0e\x66\x36\x28\x53\x4d\x9c\xb2\x29\
\xc2\x3b\xf0\x3f\x60\x93\x62\xbc\x03\x31\xd2\x86\x0e\x8d\x2b\xc1\
\xf0\x68\x1a\x92\x0c\x02\x33\x1b\x46\xf0\x22\x40\xf8\xdd\x5c\x68\
\x66\xb7\x9a\xd9\x7c\x55\x55\xce\x71\x1c\xa7\x97\xe3\x46\x41\xe3\
\xb1\x1f\x21\x99\x3a\x97\x86\xea\x51\xd0\x43\xc9\xd1\xf7\x81\x2d\
\x25\xfd\xab\xba\x5a\xe5\xf1\x00\x90\x26\x87\x61\x20\xe9\x9b\x58\
\x39\x19\x53\xa2\x77\xe0\xbf\x25\xca\x5e\x82\x64\x03\xbd\x18\x2a\
\xd1\x63\xa3\xe1\x88\x7a\x18\xdc\x00\xf4\x89\xdd\xfa\x1e\xa1\x74\
\xa9\xe3\x38\x8e\x53\x25\xea\xdd\x28\xf0\xf0\xa1\x1c\xcc\xac\x0f\
\x70\x78\xc2\xad\xf7\x25\xa5\x7d\xad\xaa\x4a\x0f\x25\x47\x5f\x21\
\x9c\xd6\xf6\x94\xd8\x59\x71\xa2\xd7\xf3\x9f\x29\xa7\x7b\x08\x51\
\x1d\x50\x84\x77\xe0\x65\xe6\x7a\x07\xd2\x7c\x7e\xf6\x25\xfd\x77\
\x68\xaf\x09\x1d\xea\x81\x15\xc9\x37\x08\x00\x1e\x26\x21\xf7\xc0\
\x71\x1c\xc7\xa9\x1c\xf5\x6e\x14\xb8\xa7\xa0\x2b\x7b\x02\xcb\x27\
\x5c\x9f\x50\x65\x3d\x52\xd1\x43\xc9\xd1\x07\x81\xcd\x24\xd5\x53\
\xc2\x74\xda\x10\xa2\x5d\xbc\x63\x6b\xed\x28\xc1\x3b\xb0\x5e\xa9\
\xde\x81\x18\x69\x43\x87\xc6\x48\x7a\xb9\x8c\x75\x9b\x06\x49\xff\
\x06\xd6\x06\x9e\xce\xb9\xfc\x01\xb0\xbf\xa4\xd9\xb5\xd1\xca\x71\
\x1c\xa7\x77\xe2\x46\x41\x83\x10\x35\x64\x3b\xae\xc0\xed\x7a\xda\
\x48\x27\xd2\x43\xc9\xd1\x9b\x09\x25\x47\x3f\xaf\xae\x56\x3d\x72\
\x37\xe9\x1a\xe8\xcd\x07\x6c\x93\xb1\x2e\x4e\x11\x14\xe1\x1d\x78\
\x05\xd8\xb4\x0c\xef\x40\xe7\x3a\xcb\x01\x1b\xa4\x9c\x7e\x43\xda\
\x75\x9b\x91\xe8\x20\x60\x4b\xe0\x2f\x04\x83\x6d\x1f\x49\x93\xe2\
\xe3\xcc\x6c\x1d\x33\x5b\xb6\xba\xda\x39\x8e\xe3\xf4\x1e\xdc\x28\
\x68\x1c\xf6\xa3\xf0\x26\x64\x42\x15\xf5\x28\x19\x33\xdb\x8b\xe0\
\x09\x28\x54\x72\x74\x6f\x49\x69\x7f\xd7\x15\x43\xd2\xd7\xc0\xfd\
\x29\xa7\xef\x9e\xa5\x2e\x4e\xf7\x14\xe1\x1d\x68\x27\xbc\xd7\xd6\
\x95\xf4\x4c\x06\x4b\xee\x43\x7e\x6e\x4f\xb1\xdc\x98\xc1\xfa\x4d\
\x85\xa4\xe9\x92\x0e\x05\xd6\x96\xf4\x70\xfc\x7e\x14\x76\x78\x1b\
\xf0\xac\x99\x79\xd9\x5f\xc7\x71\x9c\x0a\x90\xb6\x94\x5e\xb5\xf0\
\x9c\x02\xc0\xcc\xda\x80\xb3\xba\x19\x52\x97\x9e\x82\xc8\xbb\x71\
\x12\x70\x3a\xf9\x1b\x28\x01\xc7\x49\xaa\xf7\xb8\xe1\x5b\x81\x5d\
\x53\xcc\xfb\xae\x99\x1d\x11\x95\x37\x75\x2a\x48\xe4\x1d\xf8\x1b\
\xc9\xc6\x00\xc0\x38\xe0\x47\x19\x37\xcc\x4a\x1b\x3a\xf4\xb4\xa4\
\x37\x33\xd4\xa3\xa9\x48\x0a\xab\x32\xb3\x16\xe0\x6a\x60\xe9\xe8\
\xd2\x9d\x66\x76\x31\xe1\xfb\xc3\x43\x8c\x1c\xc7\x69\x48\x06\x8e\
\xb0\xa5\x04\x2b\x9a\x31\x3f\xc6\x87\x7d\xfa\xf0\xfa\x57\x47\xe9\
\xa3\x5a\xea\x54\xef\x46\x41\x9a\xd0\x0d\x68\x32\xa3\x00\x38\x03\
\x58\xa6\x9b\xfb\x13\xaa\xa4\x47\xd1\x98\xd9\x82\xc0\x95\xc0\xce\
\x05\x86\xfc\xa4\xc6\x25\x47\x8b\xe5\x0e\x42\x48\x43\xa9\x9f\x95\
\x45\x80\xcd\x09\x09\x93\x4e\x05\x30\xb3\x7e\xc0\xb1\x04\xa3\x33\
\x29\x54\xa8\x83\x10\x92\x72\x8c\xa4\xa9\x19\xae\x3b\x94\x10\x07\
\x9f\x06\x4f\x30\x2e\x9d\x93\x80\xef\xe4\x3c\x37\xe0\x68\x60\x29\
\xdc\x23\xe7\x38\x4e\x03\x61\xe7\xda\xbc\xad\xfd\x38\x0a\x38\x08\
\x63\x28\x84\x13\x52\x04\xb3\x67\x43\xdb\x48\x7b\x5a\x70\xe5\x8c\
\x41\xfc\x59\x87\x55\xb5\x69\x2b\x50\xff\xe1\x43\xbd\xde\x53\x60\
\x66\x3b\x02\xc7\xf4\x30\x6c\x42\x15\x54\x29\x9a\x28\x5c\x68\x0c\
\x85\x0d\x82\x3b\x1a\xc4\x20\x40\xd2\xa7\xa4\xdf\xd8\xfb\x86\xa5\
\x42\x14\x91\x3b\x30\x0e\xd8\x5a\xd2\xe1\x59\x1a\x04\x11\x69\xbd\
\x04\x22\xe4\xcf\x38\x45\x62\x66\x4b\x12\x8c\x82\x38\x22\x78\x0f\
\x1c\xc7\x71\x1a\x82\xd6\x11\xb6\x6b\x6b\x3f\xc6\x03\x67\x42\x30\
\x08\x12\xd8\xd0\xe0\x92\xd6\x29\x8c\x19\x38\xd2\x36\xac\xa2\x7a\
\x40\x9d\x1b\x05\x51\x22\x60\x47\x8a\xa9\x4d\x61\x14\x44\xc9\x8c\
\x57\xd1\x7d\xec\xb2\x80\x77\xaa\xa3\x51\xf7\x98\xd9\xa6\x66\x76\
\x2f\x21\x66\x7a\x89\x6e\x86\x5e\x5f\x25\x95\xb2\xe2\x96\x94\xf3\
\xbe\x17\x85\x50\x39\x19\x51\x44\xee\x80\x80\xcb\x80\xb5\x24\x3d\
\x52\x21\x35\x92\xca\xe9\x16\xc3\xa3\x92\xea\xe2\xb3\xda\x28\x48\
\x9a\x08\x6c\x41\x7e\x88\xe4\x05\x92\xd2\x56\x07\x73\x1c\xc7\xa9\
\x2a\x03\x47\xda\x71\x66\xdc\x06\x2c\x54\xe4\x94\xa1\x82\x07\x07\
\x8c\xb4\xef\x56\x52\xaf\x38\x75\x6d\x14\x44\x94\xd2\x5d\xb4\x93\
\x86\x37\x0a\xa2\x13\xb2\xd1\xf4\xfc\x06\x9a\x5c\xcb\x24\x5d\x33\
\x1b\x68\x66\x7b\x9a\xd9\x23\xc0\xe3\xc0\x76\x45\x4c\x7b\xad\xc2\
\x6a\x65\xcd\x6d\xa4\x33\x4e\x97\x06\xd6\xcf\x58\x97\x5e\x4b\x11\
\xde\x81\xb7\x98\xeb\x1d\x98\x52\x21\x1d\xd6\x00\x56\x4b\x39\xdd\
\x43\x87\x52\x10\x25\x86\x6f\x08\xfc\x3b\xba\xf4\x18\x73\x3b\x20\
\x77\xc1\xbb\x89\x3b\x8e\x53\x6f\x0c\x1c\x69\x7b\x0b\xce\xa3\xf4\
\xe2\x14\x03\x5b\xe0\xfa\x79\x46\x59\xda\x70\xd5\x92\x69\x04\xa3\
\x20\x4d\x5e\x41\x5b\xe6\x5a\x54\x11\x33\x5b\x94\x60\x10\x24\xf5\
\x24\x88\x53\xd5\x24\x63\x33\x6b\x8d\x4a\x03\xfe\xd8\xcc\x6e\x03\
\x3e\x06\x6e\x22\x9c\xe6\x15\x4b\x43\xfd\xe1\x8e\xca\x23\xfe\x27\
\xe5\x74\x0f\x21\x2a\x93\x12\xbc\x03\x6b\x26\x55\xae\xc9\x98\xb4\
\xa1\x43\xed\xc0\x3f\xb2\x54\xa4\x37\x21\xe9\x43\xc2\x81\xc3\x6f\
\x80\x7d\xa5\xfc\x58\x5b\x33\xfb\x09\xf0\x82\x59\xf5\xfe\x80\x3a\
\x8e\xe3\x74\xc7\xe0\x4b\x6c\x21\xc1\x1f\x49\x5f\xad\xae\xad\x5d\
\x5c\x67\x37\x59\x52\x93\xc7\xcc\xa9\xf7\x44\x63\x48\x97\x57\x30\
\x20\x73\x2d\xaa\x84\x99\xad\x45\x38\x99\x5e\xb6\xc8\x29\xe3\xcb\
\x5c\xef\x4f\x84\xd8\xff\x09\xc0\xfb\xc0\x27\xc0\x17\xcc\x3d\x19\
\x6f\x01\x16\x04\x16\x06\x56\x05\x56\x20\xb9\x03\x69\x29\x6c\x4e\
\xf0\x2a\x34\x12\xb7\x02\x9b\xa4\x98\xb7\x3b\xf0\xab\x8c\x75\xe9\
\x35\x14\x51\x59\x68\x3c\x70\xb0\xa4\x87\xaa\xa4\x52\xda\xd0\xa1\
\x07\x24\x7d\x90\xa9\x26\xbd\x8c\xa8\x92\xd7\x99\x49\xf7\x22\x43\
\x60\x04\xe1\x40\xe8\x49\x33\xfb\xa5\xa4\x0b\xe7\xdc\x0f\xc9\x7d\
\xbb\x23\xb6\x97\xb1\xaa\xc1\x7c\x06\x5f\x77\xc0\x9b\xc0\x7d\xfd\
\xfa\xf2\x8f\x5a\x57\xfd\x70\x1c\xa7\xf9\x98\x39\x93\x13\x2d\xec\
\xa1\xca\x61\xd5\xd6\x77\xd9\x0f\xb8\x26\x0b\x9d\xba\xc3\x24\x55\
\x7a\x8d\xb2\x30\xb3\xf1\x14\xbf\x41\xee\xe4\x22\x49\xc3\x2b\xa0\
\x4e\x45\x31\xb3\xfd\x81\x3f\x03\x03\x4b\x98\x76\x8e\xa4\x54\x9b\
\x4e\x33\xeb\x03\x4c\x22\x54\xca\xa9\x26\xef\x01\x2b\x4b\x4a\x5b\
\x5d\xaa\xea\x98\xd9\x8a\xc0\x1b\x29\xa7\xaf\x21\xe9\x7f\x59\xea\
\xd3\xec\x14\x51\x59\x48\x84\xcf\xca\x71\x51\x3f\x89\x6a\xe8\xb4\
\x1e\x90\xb6\x03\xf2\x8f\x25\x5d\x9e\xa5\x3e\x4e\xc0\xcc\x16\x00\
\x9e\x05\x96\x8b\xdd\xba\x9a\x15\x39\xb2\xed\x08\x8e\x90\x71\x02\
\xdd\x87\x62\x4e\xc3\x18\x31\x7d\x36\x67\xeb\xf8\xca\x84\x9e\x39\
\x8e\xd3\xbb\xb0\xd3\xac\xa5\x75\x3e\xde\x45\xdd\xe6\x58\x16\xcb\
\x43\xd3\x8e\xd1\xd6\x19\xc8\xe9\x96\x46\x08\x1f\x6a\x7a\x4f\x81\
\x99\x2d\x66\x66\x37\x02\xd7\x52\x9a\x41\x00\xe5\x85\x0f\x6d\x41\
\xf5\x0d\x02\x80\x6f\x00\x57\x46\xf5\xc7\x1b\x82\xa8\xb6\xfc\x4b\
\x29\xa7\x7b\x08\x51\x09\x14\x91\x3b\x30\x1e\xd8\x36\xca\x1d\xa8\
\x8a\x41\x10\x91\x36\x74\x68\x26\xc1\xfb\xe7\x54\x86\xab\xc8\x37\
\x08\xb0\x79\x59\xbf\xf5\x27\xdc\x29\xe3\x1c\x7a\xce\xcd\x6a\x43\
\x9c\xd4\xd6\x87\xc7\x07\x5e\x6c\xdf\xa8\x88\x96\x8e\xe3\xf4\x2a\
\x06\xce\xcb\x5a\x19\x19\x04\x00\x9b\xda\xf9\x95\xcf\x99\x6a\x84\
\x4d\x59\xd3\xe6\x14\x44\xf1\xf9\xc3\x09\x89\xb7\x7b\xa5\x14\x33\
\xa1\x0c\x15\x76\x2b\x63\x6e\xb9\xec\x05\xdc\x63\x66\x8b\xd5\x50\
\x87\x52\x49\x5b\xed\xa4\x96\xaf\x73\xc3\x50\x62\xee\xc0\x83\x55\
\xd6\xcd\x48\xff\x19\xbd\x27\x2a\x6d\xeb\x54\x86\xeb\x81\xae\xc6\
\x61\x7f\xbe\xee\x7f\x12\xb3\x69\xe1\x5b\xa5\x08\x12\xac\xa5\xd9\
\x3c\x3a\xf8\x02\x5b\x38\x4b\x05\x1d\xc7\xe9\x7d\xc8\x58\x29\x43\
\x71\xfd\xfb\x27\x1c\x7e\x64\x4d\x23\x18\x05\x4d\xe7\x29\x30\xb3\
\x01\x66\x76\x18\x21\x9e\x75\x14\x30\x5f\x19\xe2\x26\x94\x31\xf7\
\x4b\xe0\x81\x48\x8f\x34\x55\x9e\xca\xe5\xdb\xc0\xab\x66\xf6\x7b\
\x33\x2b\x26\xa9\xba\xd6\xa4\x2d\x4d\xba\x76\x83\xfc\x7c\x35\xa3\
\x08\xef\xc0\x04\x60\x58\x0d\xbc\x03\x9d\x6c\x4c\xe9\x61\x8c\x9d\
\x78\xd5\xa1\x0a\x22\xe9\x3a\x42\x95\xaf\x39\x21\x7a\x03\x86\xf3\
\xb4\xf5\x67\x8d\x94\x22\x97\x9d\xd5\xc2\xb5\x99\x28\xe7\x38\x4e\
\xaf\xc2\xcc\x56\x89\x0a\xb1\x5c\x31\xfb\x05\x86\x65\x29\xbb\x8f\
\x31\x7f\x96\xf2\x92\x68\x04\xa3\x20\x4d\xb9\xcd\xba\xf4\x14\x98\
\xd9\x6a\x66\x76\x01\xf0\x2e\xf0\x27\x60\xc9\x32\x45\x96\xd5\xa3\
\x40\xd2\x6f\x25\x0d\x93\xb4\x12\xa1\x8c\xeb\x92\x84\x24\xe0\x03\
\x08\x25\xff\x2e\x03\xee\x25\x78\x32\x2a\x55\xf6\x74\x7e\xe0\x17\
\xc0\x38\x33\x7b\xcb\xcc\x7e\x5c\xa1\x75\xca\x46\xd2\x4b\x40\xda\
\x64\x51\x0f\x21\x4a\xa0\x44\xef\xc0\xbf\x13\xee\x57\x8b\xb4\xa1\
\x43\x53\x09\x5d\xb1\x9d\x0a\x22\x69\x2c\xa1\x10\xc0\xf5\x7d\x56\
\xe3\x3a\x5b\x9c\xad\xca\x14\xb9\x5d\xeb\x28\xfb\x4e\xcf\xc3\x1c\
\xc7\x71\xc0\xcc\x4e\x36\xb3\x0f\x81\x57\x81\xbf\x00\x3f\xd4\x3b\
\xac\x9a\xe5\x1a\xed\x2d\x7c\x96\xa5\xbc\x24\x1a\xa1\xfa\x50\x9a\
\xcd\x68\xdd\xf4\x29\x88\x4e\x88\x77\x06\xf6\x07\x36\xca\x58\xfc\
\x87\x59\x75\x6b\x55\xc8\x38\x9f\x14\x3d\x12\x2b\x03\x45\xa1\x3e\
\xcb\xe4\x3c\x96\x25\x54\x23\x1a\x1a\x3d\x2f\xb7\x51\xd7\x72\xc0\
\xe7\x65\xca\xa8\x34\xef\x03\x8b\xa6\x98\xb7\x3b\x70\x7e\xc6\xba\
\x34\x34\x51\xa5\xad\x2b\x28\x5c\x59\xe8\x6d\x42\x82\xee\x03\xd5\
\xd3\x2a\x9f\x28\xf7\x65\xcf\x94\xd3\xef\xaa\x91\x67\xa3\xd7\x11\
\xbd\xce\xfb\xb7\x8d\xb0\x2b\xc9\xe0\xc0\xcb\xc4\x89\xc0\xdd\x65\
\x2b\xe6\x38\x4e\x53\x60\x66\xf3\x01\x9b\x02\xcf\x4b\x9a\x1c\xbb\
\xdd\x01\x0c\xe9\x72\xe1\xad\xa2\xca\xca\x17\x4b\xfb\xcc\x41\xe5\
\x55\x9b\x2c\x86\x46\x30\x0a\xd2\x84\x0f\xd5\xcc\x28\x30\xb3\x79\
\x08\x9b\xff\xed\x81\x9d\x80\x6f\x56\x60\x99\xaf\x81\x17\xa8\xf2\
\x1f\xac\xe8\x43\x30\x99\x84\x9a\xfd\x66\x36\x90\x60\x1c\x0c\x05\
\x56\x89\x1e\x9d\xcf\x8b\xf5\xdc\x4c\x05\xee\xc9\x44\xd9\x0a\x10\
\x55\x87\x4a\x5b\x03\x7d\x23\x33\x5b\x22\xea\x79\xd0\xab\xc9\xa9\
\x2c\xf4\x3b\xa0\x5f\xc2\x90\xce\xca\x42\xc7\x4b\xfa\xaa\x9a\xba\
\x15\x60\x0b\xd2\x7b\xf5\x3c\x74\xa8\x8a\xd8\x65\xd6\x6f\x80\xb1\
\x6b\x46\x6d\xc4\x37\xb3\xdf\xdb\x7c\x3a\x51\x5f\x64\x23\xce\x71\
\x9c\x46\xc3\xcc\x76\x03\xb6\x21\xfc\x1d\x58\x9d\x50\x92\xfd\x50\
\x82\x37\x20\x97\xbc\xc3\xd4\x8e\x77\x59\x02\xf1\x31\x46\x16\x39\
\x4a\x8f\xe8\xb0\x6c\x0e\x81\xbb\xa3\x11\x8c\x82\x34\x9e\x82\xaa\
\xe4\x14\x44\xc9\x87\x2b\x10\xba\x6d\x6e\x02\x6c\x06\xac\x41\xb6\
\xaf\xeb\x97\xc0\xf3\x84\x92\x7b\xcf\x45\x8f\xb1\x92\xd2\x74\xd8\
\xad\x18\x91\xc7\xe2\xf9\xe8\x31\x87\xe8\x94\x75\x19\x42\x17\xd8\
\x35\x80\x35\xa3\x7f\x87\x92\xff\x3a\xdd\x57\xa9\x4e\xb4\xe5\x60\
\x66\xcb\x10\x7a\x0d\x1c\x5a\x86\x98\x16\x82\xb7\xa8\x57\x7b\x0b\
\xcc\x6c\x7d\x82\x77\x60\xf5\x6e\x86\xb5\x13\x72\x5c\x06\x00\xf5\
\x60\x14\xa4\xed\x4d\xf0\x25\xbd\xe0\xa4\xd9\xcc\x76\x04\xa6\x54\
\xa1\x71\x5c\x8f\x0c\x98\xc2\x32\x46\x66\x71\xb7\x7d\x07\xf4\x67\
\x23\xe0\xbe\x72\x05\x99\xd9\x60\x42\x09\x70\x37\x30\x1c\xa7\x0e\
\x31\xb3\x96\x02\xfb\xaa\x9f\x42\x5e\x6e\xc0\x66\xe4\x1b\x05\xff\
\x01\x66\x91\x7b\xd0\x25\xe8\x78\x9b\x27\x5b\x96\x65\x97\x0c\x54\
\xac\x4a\x9e\x53\x23\x18\x05\x69\x3c\x05\x99\xe7\x14\x44\x9b\xdb\
\x95\x81\x75\x63\x8f\x72\x92\x84\xe3\x7c\x4e\xd7\xcd\xff\xb3\xc0\
\x9b\xaa\xf7\x66\x12\xdd\x10\x7d\xc8\xc6\x47\x8f\xbb\x3a\xaf\x9b\
\xd9\x00\x60\x2d\x82\x41\xd5\xf9\xa8\x7a\xc7\x57\x33\x1b\x44\x38\
\x01\xf8\x18\xf8\x14\x98\x97\x50\x16\x76\x69\x82\x97\x67\x6b\xc2\
\x17\x40\x16\xf9\x37\x87\x99\xd9\x88\x7a\x33\xe8\xaa\x41\x11\xde\
\x81\x5c\xfa\x02\x47\x02\x3f\x8c\x72\x70\xce\x91\x54\xa9\x9c\x96\
\x6e\x89\x7a\x79\xa4\x0d\x1d\xba\xad\x91\x7a\x71\xa4\xc1\xcc\x86\
\x12\xaa\xff\x0c\x36\xb3\xd1\xc0\xb1\x92\xc6\xd4\x4e\x1f\x96\x26\
\xc3\x6f\xcb\x16\xeb\xb1\x94\x69\xb7\x44\xfd\x4d\x0e\x21\xe4\xa4\
\x54\xc2\x6b\xec\x38\x4e\x0a\xcc\xac\x8d\x50\xa0\x60\x0b\x42\x48\
\xd0\x66\x66\xb6\xa1\xa4\x78\x3f\xa2\xc7\xc9\x37\x0a\x36\x8f\xcb\
\x93\x34\xd5\xcc\x9e\x23\x44\x8a\x7c\x0d\x3c\x05\x3c\xde\xf1\x24\
\xf7\xb5\x2c\xcb\x56\x84\xbd\x45\x5a\x5e\x99\xfe\x25\x57\x96\x31\
\xbf\x68\x1a\xc1\x28\x68\x4f\x31\x67\xf1\x72\x16\x8c\x36\x02\xab\
\x10\xbe\xc4\x57\x03\xd6\x23\xbc\x69\xca\xed\x4a\x97\xcb\x17\x84\
\x6a\x19\xcf\xe6\x3c\x5e\x69\x64\x03\xa0\x14\x24\xcd\x00\x9e\x8e\
\x1e\xb5\x64\x67\xe0\x86\x2a\xad\xb5\x12\x70\x38\xa1\xe5\x79\xaf\
\xa1\x88\xdc\x81\x42\xcc\x03\x9c\x02\x1c\x6c\x66\xbf\x01\xae\xae\
\xc1\xe7\x63\x5b\xd2\xf7\xf2\x68\xea\xd0\x21\x33\x9b\x97\x50\x91\
\x6b\x70\x74\x69\x18\xf0\x9c\x99\x5d\x0e\x9c\x92\x10\x73\x5b\x79\
\x9d\x60\x46\x96\x6f\x10\x75\x94\xde\xbd\xdd\xcc\x16\x06\x76\x20\
\x78\x06\xb7\x27\x1c\x28\xfc\xa1\xd9\x0d\x44\xc7\x69\x14\x72\x1a\
\xb7\xc6\xbd\x8a\x9b\x91\xdf\xa4\xf4\xb1\x04\x11\x2b\x9a\xd9\x62\
\x09\xdf\x71\x27\x10\xc2\xa0\x5f\x94\x34\xbb\xf3\xe2\xc0\x11\x76\
\xa8\x2c\xf5\x3e\x63\xba\xb5\x70\xb0\x4e\x99\x2b\xaf\x92\x34\x82\
\x51\x50\xf2\x97\x32\x30\xc4\xcc\x56\x90\x34\xae\xa7\x81\x66\xd6\
\x97\xb0\xf1\xef\x3c\xf9\x5f\x8f\x70\x82\x5d\x6a\x13\xb1\xee\xf8\
\x80\xae\xa7\xff\xcf\x49\x2a\xa7\xe9\x98\x93\x1d\xdf\xab\xf2\x7a\
\xe7\x98\xd9\x13\x92\x5e\xac\xf2\xba\x55\xa7\x84\xdc\x81\x11\xd1\
\xb8\x1f\x93\xfc\x79\x5f\x0a\xb8\x12\x38\xd2\xcc\x8e\x97\xf4\x48\
\x65\x34\x4e\x24\x6d\xd5\xa1\xcf\x80\xd1\x59\x2a\x52\x4f\x44\xa1\
\x93\x97\x93\x7f\xfa\xdd\x17\x38\x0c\x38\xc0\xcc\xfe\x00\x9c\x51\
\xcd\x44\xeb\x8e\x16\x3e\xb4\x34\xc7\x48\x05\x30\x15\x2e\xf9\x1c\
\xbd\x06\x8b\x10\xfe\x7e\xac\x93\xf3\x18\x4a\xfe\xfb\xf8\xaf\xd9\
\x69\xe5\x38\x4e\x4f\x98\xd9\x0a\x84\x13\xfd\x35\x25\x1d\x97\x7b\
\x4f\x52\xbb\x99\xbd\x00\x79\x55\xca\x36\x03\xfe\x16\xbb\xf6\x14\
\x30\x9b\xb9\xfb\x65\x11\x2a\x32\x2e\x49\xc8\xb1\xcc\x95\xfb\x68\
\x92\x2e\x53\x8f\xd5\xdf\xdb\x46\xd8\xf2\x18\x67\x52\x5a\x41\x96\
\x99\x66\x1c\x38\x75\xb8\xf2\xf2\x38\x2b\x85\xd5\xfb\xc1\xb4\x99\
\xdd\x43\x38\x6d\x29\x95\xbb\x80\x03\x25\xcd\xa9\x66\x13\x25\x01\
\x7f\x93\xb0\xe9\xef\x34\x02\xd6\x24\xdb\xc4\xe4\x49\xe4\x6c\xfe\
\x09\x06\xc0\x7b\x19\xca\x77\x32\x22\x0a\x61\xfa\x88\xf2\xdc\x7a\
\x69\xf8\x00\xd8\xaf\xda\x0d\xb8\xaa\x49\x11\xde\x81\xf1\xc0\x21\
\xb9\x65\x46\xcd\xec\x9b\xc0\x79\xc0\x8e\x3d\x88\xbf\x0b\x38\x26\
\xea\x32\x5d\x31\x22\xa3\x66\x32\xe9\x3c\x84\x97\x49\x3a\x3c\x63\
\x95\xea\x86\xe8\xb3\xf3\x1b\x82\x31\xd7\xdd\x01\xca\xbb\xd1\xb8\
\x6b\xaa\x11\x36\x67\x98\xb5\x8e\xe2\xbd\x4c\xba\x88\xb6\xd3\x31\
\xfd\x34\xee\xe0\x6b\x66\xe5\x5c\x9d\x97\xe0\x89\x5e\x98\x50\x85\
\xac\x98\x83\xb5\xc7\x24\x6d\x51\xb6\x3e\x8e\xe3\x74\x4b\x54\x21\
\xf1\x62\xc2\xe6\x3e\x37\x62\x64\x39\x49\x13\x62\x63\x7f\x47\xf8\
\x6e\xca\xe5\x35\x49\x79\x65\x44\xcd\xec\xaf\xc0\x27\x04\xaf\xc1\
\x13\x92\x3e\x4e\xa3\xdf\xc0\x91\xb6\xaf\xe0\x0f\xf4\xdc\x61\x1d\
\xe0\x6d\x13\xfb\x4e\x3d\x56\x4f\xa5\x59\x2b\x2d\x75\x6d\x14\x44\
\xa7\xf8\x93\x88\x95\x79\x2a\x81\xa9\x84\xa6\x47\xed\x91\x8c\x45\
\x29\xbf\x6c\x66\x2e\xef\x30\xd7\x03\xf0\x1c\xf0\x6c\x2d\x5c\xe6\
\x4e\x3a\xcc\x6c\x27\x72\xf2\x1c\xaa\x4c\x07\x70\x15\x70\xbe\xa4\
\x97\x6b\xa4\x43\xe6\x94\xe0\x1d\x38\xae\xd0\x09\xb2\x99\x0d\x03\
\x2e\x20\x18\xec\x85\x98\x45\x30\x3a\x7e\x23\xe9\xa3\xb2\x94\x2e\
\x80\x99\xed\x0c\xdc\x99\x72\xfa\xb6\x35\xee\xab\x50\x15\xcc\x6c\
\x49\xc2\xef\xfa\x07\x74\x9f\x77\xf3\x3c\x70\x42\x35\xca\xcb\xb6\
\x8d\xb4\x3f\x02\x3f\x29\x57\x4e\xc7\xcb\x30\xb3\xfc\xf3\x7d\x01\
\x9b\x4b\x7a\xa2\x6c\x49\x8e\xe3\x00\x73\x0e\x78\x97\x95\xf4\xbf\
\xd8\xf5\x01\x84\xdc\xcc\xf8\x41\xef\x81\x92\xae\x89\x8d\xdd\x81\
\xfc\x42\x10\x02\x16\xad\xd4\xdf\x14\x80\xf9\xcf\xb1\x05\x66\xb4\
\x72\x1c\x62\x7f\x92\x3a\x14\x4f\xe3\x9d\x8e\xcf\xb8\x76\xe6\xd2\
\x9c\xa6\xa3\x94\x26\xa7\xb6\x2c\xea\xdd\x28\xd8\x0f\xb8\xae\xd6\
\x7a\x44\x8c\x27\xdf\x03\x50\xb1\x37\x8e\x53\x79\xa2\x1e\x12\x1b\
\x13\x42\x00\x96\x00\x16\x8b\xfe\x5d\x86\x90\x68\x9c\xd4\x59\xb7\
\x12\xbc\x40\xd8\x7c\x3e\x09\xbc\x20\xe9\xfd\x2a\xad\x9b\x29\x45\
\x78\x07\xc6\x11\xfa\x0e\xf4\x58\xa5\x26\x4a\xec\xff\x3e\xf0\x7b\
\xc2\xef\xa5\x10\x9f\x45\x63\x46\x45\x79\x2a\x99\x61\x66\x57\x47\
\x3a\x94\xca\x64\xe0\x1b\x92\x32\x0c\x64\xa9\x6f\xcc\x6c\x1d\xe0\
\x42\x42\xd2\x5e\x77\x8c\x26\x18\x84\x2f\x55\x4a\x97\xb6\x0b\x6c\
\x19\x5a\x78\x9d\x32\x3f\xbf\x33\xff\x8f\x0f\x3a\x5e\x4f\xd5\x93\
\x24\x97\x9b\x25\xed\x55\xa6\x0c\xc7\xe9\xd5\x98\xd9\xfc\x84\x9c\
\xa5\xcd\xa3\xc7\x5a\xc0\x44\x49\xcb\x26\x8c\x7d\x84\xfc\xef\xa1\
\xff\x93\x74\x44\x6c\xdc\x7c\x84\xd3\xff\x89\xc0\xa3\xc0\x13\xd1\
\xbf\x2f\x57\xab\x18\x48\xeb\x45\xb6\x92\xc6\xb3\x61\xc7\xcb\xec\
\xde\xf1\x36\xbb\x6b\x32\xe8\x4b\x20\x54\xae\x9b\xbf\x16\x39\xa6\
\x75\x6b\x14\x98\xd9\x46\x84\x9a\xf5\x15\x6f\xeb\x1c\x43\x84\xcd\
\x4b\xae\x01\xf0\xac\xa4\x8a\x77\x92\x73\xea\x87\x68\x53\xba\x24\
\xc1\x92\x5f\x16\x58\x9e\x90\x28\xbc\x62\xf4\xef\x02\x15\x5c\xfe\
\x03\x82\xa1\xf0\x3c\xa1\x3b\xe2\x58\x82\x5b\xb3\x2e\xcb\x19\x16\
\xe1\x1d\xe8\x20\x94\x6f\x3b\xb6\xd4\x92\xb3\x51\x75\xa8\x13\x08\
\x5d\xaf\xbb\xab\x2a\xf6\x0e\xf0\x5b\x32\x4a\x46\x36\xb3\x56\xc2\
\xe6\x3e\x4d\x75\xb1\x8b\x24\x0d\x2f\x57\x87\x46\x23\x8a\xb1\xdf\
\x97\x10\x02\xd6\x5d\x5f\x87\x76\x42\x8c\x7d\xc5\x92\x91\xdb\x46\
\xda\xd9\xc0\x2f\x53\x0b\x10\xd7\x4e\x3f\x8e\xe3\x81\xdb\x09\x95\
\xd1\xd2\x30\x19\x58\x4b\xd2\x87\xa9\xf5\x70\x1c\x07\x33\xdb\x12\
\x78\x28\xe1\xd6\x52\xf1\xf0\x6c\x33\x3b\x8b\x50\x42\x3c\x97\xff\
\x49\x5a\x23\x41\x6e\x52\xb2\x70\x55\x31\xb3\x35\x80\xa4\x43\x92\
\xe5\x25\x55\xbc\x59\x59\x9e\x3e\xf5\x66\x14\x44\x31\x61\xc3\x81\
\xe3\xa9\x7c\x22\x74\x07\x21\xd3\x3c\xb7\x0c\xe8\x73\xf5\xba\xf9\
\x72\xea\x07\x33\x5b\x80\x60\x28\x74\x3e\x56\x23\xe4\xab\xac\xc4\
\xdc\x6a\x2c\x59\x72\x82\xa4\xba\xeb\x71\x50\x84\x77\xe0\x65\xe0\
\x60\x49\x65\x55\x99\x8a\xc2\x54\x4e\xa6\x70\x32\x72\x27\xff\x21\
\x34\x3d\x4b\xaa\x18\x51\xca\x7a\xbb\x93\xbe\x44\xee\x66\xbd\x39\
\x5c\x24\xaa\xc9\x7f\x1e\x21\xe1\xb8\x3b\xa6\x10\xe2\x6b\xcf\xcc\
\xba\x49\x9d\xdd\x64\x7d\x5a\x27\x72\x37\xe2\xdb\xa5\x4f\xe6\xd9\
\xe9\xb3\xd9\x52\xc7\x6b\x4a\x54\xb6\xf0\x4a\xa0\xd4\xd3\xfe\x69\
\x84\x04\xfa\x73\xa5\xe8\xec\xcf\x71\x9c\x3c\xcc\xac\x3f\xa1\x34\
\xe8\x66\x04\x2f\xc0\x5b\x92\x8e\x89\x8d\x69\x23\x84\x05\xc5\xbd\
\x7f\xfb\x49\xba\x21\x36\x36\x37\xec\x73\x2a\xf0\x0c\xf0\x30\x70\
\x6a\x3d\x56\x77\x8c\x0e\xd5\xa6\xd2\x75\xbf\x3b\x0d\x58\x57\xd2\
\x6b\x55\xd7\xa7\x1e\x5e\xa3\xc8\x35\xb4\x1d\xa1\x12\xcc\x1e\x54\
\x26\x6c\xa3\x9d\x90\x31\x9e\x5b\x05\xe8\x85\x3a\xe9\x98\xea\x34\
\x11\x66\xb6\x04\xc1\x40\x58\x83\xd0\xa4\x6b\x8d\xe8\xf9\xa0\x32\
\xc4\xae\x54\xe9\xc4\xda\x52\x28\xc2\x3b\x30\x9b\x90\x17\x70\x4a\
\x96\x61\x3d\x66\xb6\x1e\xa1\x01\xdc\x56\xdd\x0c\x13\x70\x33\xf0\
\x4b\x49\x6f\xa5\x5c\xe7\xef\xa4\x6b\x5a\xf6\x0e\x21\xd6\xb5\xf6\
\x5f\xac\x35\xc6\xcc\x76\x05\xae\xa6\x67\x23\x79\x12\xc1\xcb\x73\
\x65\x96\x21\x57\x76\x9a\xb5\xb6\x0e\xe6\x0a\x82\xf7\xa2\x58\xee\
\xeb\xd7\x9f\xfd\xbf\xfc\x99\x3e\x99\x23\x27\x78\x40\x2e\x04\x8e\
\x2a\x52\xc6\x3b\x84\x9e\x27\x6b\x13\xfe\xd8\xdf\x4a\xc8\x1f\x7a\
\xa0\x37\x85\x94\x39\x4e\x4f\x98\xd9\xc1\xc0\x25\x74\xcd\x01\x18\
\x27\x69\xc5\x84\xb1\x4f\x10\x9a\xc4\xe6\xf2\x07\x49\x47\xc5\xc6\
\x2d\x00\x1c\x4c\xe8\x2f\xf0\xac\xa4\x59\xd4\x39\x05\x42\x55\xaf\
\x96\x74\x50\xd5\x75\xa9\xc5\xdf\x2e\x33\x5b\x9c\xd0\xe0\x61\x13\
\x42\xfd\xff\x8d\xc9\xd6\x2b\x30\x1b\x78\x85\xae\x21\x40\x2f\xd6\
\x63\xb7\x5c\xa7\xf7\x10\x19\x0b\xeb\x31\xb7\xff\xc5\x37\x09\x46\
\x43\x4f\x1d\xb8\x5f\x94\xb4\x76\x85\xd5\x2b\x9a\x22\xbc\x03\xff\
\x03\x7e\x24\xe9\xbf\x15\xd4\x61\x18\x30\x92\xee\x3b\x23\xcf\x04\
\xfe\x8f\x60\x98\x7c\xde\xcd\xb8\xb8\xec\x81\xc0\x87\xa4\x33\xe2\
\x7e\x2f\x29\x7d\xd8\x4a\x93\x11\xe5\x1a\xfc\x8b\xee\xf3\x42\x3a\
\x79\x09\xf8\x85\xa4\x7b\x33\x5b\x1f\xb3\xb6\x11\xec\x2d\xe3\x1c\
\x42\x18\x60\x21\x26\xca\x38\x7b\xc6\x92\xfc\x9f\xf6\xca\xdf\xb8\
\x47\x86\xc1\xff\xd1\xb3\xf7\xe3\x13\x60\x1b\x42\xf8\x5f\xbc\xa8\
\xc5\xcf\x24\x5d\x5a\xbc\xf6\x8e\xd3\xf8\x98\xd9\x32\xcc\xf5\x00\
\x3c\x19\xbb\xb7\x2d\xc9\xa5\x9b\x97\x88\xe7\xd6\x99\xd9\xb9\x84\
\x50\xd2\x5c\x6e\x97\x54\xed\xb2\xe2\x99\x63\x66\x8f\x11\x3c\x25\
\x71\x0e\x92\x74\x75\x55\x75\xa9\x86\x51\x10\xfd\xe2\x37\x26\x6c\
\x88\xd6\x23\x24\x71\x66\xc5\x2c\x60\x0c\x5d\x3d\x00\x2f\xd5\xaa\
\x03\xaa\xe3\x94\x42\x74\xe2\xbe\x32\x5d\x0d\x85\xd5\x80\x55\x99\
\xbb\xa9\x38\x55\xd2\x69\xb5\xd1\x70\x2e\x25\x78\x07\x4e\x96\x34\
\xb3\x4a\xfa\xfc\x28\xd2\xa7\xbb\x06\x63\x9f\x02\xe7\x02\x23\x8b\
\xd1\xcb\xcc\xf6\x25\x74\xe9\x4d\xc3\xba\x92\x9e\x4f\x39\xb7\x29\
\x31\xb3\xad\x80\x7f\x53\x7c\xe5\xb7\xd1\x84\x70\xb9\x17\x32\xd3\
\xe1\x26\xeb\xd3\xfa\x2e\xdf\x12\xec\xd8\x62\xac\x24\x58\xd0\x42\
\x32\xdf\x9b\x1d\x62\xf4\x8c\xaf\x18\xad\x53\xba\xff\x9b\x11\xe5\
\x19\xfd\x0d\x38\xb0\x87\xe5\x46\x02\xc7\xc4\xae\xcd\x22\x24\x9f\
\x77\xc9\x2f\x30\xb3\x96\xde\xd8\xe1\xdc\xc9\x86\x28\xf4\x66\x1d\
\xa9\x7a\x75\xec\x8b\xc1\xcc\xbe\x4b\xf0\xd0\x6d\x0e\x7c\x23\xba\
\xfc\x57\x49\x87\xc4\xc6\xcd\x43\x28\x16\x11\x3f\x14\xde\x5b\xd2\
\x4d\xb1\xb1\x3b\x11\x9a\x59\x3e\x4e\x48\x08\x7e\x5c\xd2\x07\x15\
\x50\xbf\xaa\x44\xe1\x96\x1f\x93\xfc\x37\x75\x0a\xb0\x7e\x35\xc3\
\x88\xaa\x65\x14\xbc\x09\xac\x90\x81\xa8\x59\xcc\xcd\x01\x98\xf3\
\xf0\x4e\x91\x4e\xb3\x11\x55\x46\x58\x3d\x7a\xdc\x5f\x6c\x18\x4c\
\xf4\x25\xdb\x96\x75\x65\x2c\x33\x5b\x9f\xe0\x1d\x28\x74\x32\xff\
\x1c\xc1\x3b\x50\xb1\xaa\x32\x85\x88\xc2\x0f\x7f\x0d\x1c\x4d\xf7\
\x5e\x97\xb1\x84\x93\xe8\x3b\x7a\x90\x77\x0b\xb0\x5b\x0a\x55\x5e\
\x97\x34\x34\xc5\xbc\xa6\xc7\xcc\x1e\x27\x78\x85\x8b\xa5\x9d\x10\
\xcb\xff\x5b\x49\x93\x2a\xa3\x55\xe9\x44\x9d\x50\x6f\x04\x76\xef\
\x66\xd8\x64\xf2\x3d\x23\x77\x4a\xda\x35\x41\xde\xdd\x04\x63\xfa\
\x2a\xc2\xa9\x67\xc5\x8d\x69\xa7\x79\x30\xb3\x53\x81\x85\x25\x1d\
\x59\xa3\xf5\x07\x02\x8a\xef\xc1\xcc\xec\x74\x42\x48\x60\x2e\x63\
\x25\xad\x92\x20\xe3\x19\x42\x4e\x41\x2e\xa3\xe2\x79\x05\xcd\x8a\
\x99\xed\x46\xe8\x0c\x5f\x88\x31\xc0\x86\xd5\x3a\xe8\xae\x96\x51\
\x30\x86\xee\xdd\xfc\x49\x24\x19\x00\xff\x75\x0f\x40\xe5\x78\xd6\
\xac\x5f\x7f\xd8\x4b\xb0\x2b\xa1\xa4\xd7\xc2\x84\xa4\xce\x77\x0d\
\x9e\x17\xdc\x34\x18\x6e\x5d\xd6\x7f\x07\x75\x49\x14\xe2\x70\x03\
\xb0\x13\xa1\xba\xcb\xb9\x92\x26\x96\x29\x73\x21\x42\x82\xef\xcf\
\x48\x4e\xf0\x9d\x45\x48\xa8\xac\x8a\x77\xa0\x3b\xcc\x6c\x29\xe0\
\x4c\x42\x6c\x66\x77\xa7\xd2\x4f\x12\xca\x62\x3e\x19\xbf\x11\x9d\
\xda\x7c\x40\xba\x86\x86\xa7\x49\x3a\x35\xc5\xbc\xa6\xc7\xcc\xee\
\x04\x76\x4e\x31\xf5\x6b\xe0\x2c\x60\x44\xd6\x25\x67\xd3\x12\x55\
\xc4\x7a\x82\xc2\x7d\x34\xae\x23\x78\xfa\x72\xc3\xeb\xf6\x94\xd4\
\x25\x71\xdd\xcc\x96\x26\x94\xba\xee\xec\xef\xf0\x71\x34\xf7\xf7\
\xf5\x64\x08\x39\xf5\x49\x54\xb5\xe6\xbf\xc0\x18\x49\xf1\x4d\x75\
\xa5\xd6\x1c\x42\x08\x73\xd9\x82\x60\xe4\xaf\x47\x68\x42\x79\x55\
\x6c\xdc\xf6\x84\xea\x91\xb9\x08\x58\x2c\xc1\x5b\x36\x12\xf8\x39\
\x21\xb7\xe8\x31\x82\x27\xe0\x7e\x49\xaf\x56\xe4\x87\xa8\x33\xcc\
\x8a\xea\xab\x72\x15\xf0\xc3\x6a\xe4\xaa\x55\xcb\x28\x78\x1a\xd8\
\xa0\x9b\x21\x5f\x13\x4e\xf1\x5e\x61\xae\x01\xf0\x4c\xbd\xfc\x11\
\xa8\x27\xcc\xec\x44\xc2\xa9\xd3\x2b\x59\xca\x1d\x63\xf6\x3d\x85\
\xd0\x8f\xe5\x7b\x18\x3a\x5e\x70\xdc\x5a\xd2\xad\x59\xae\xef\x94\
\x8f\x99\xfd\x82\x50\xb3\xbf\x93\x19\x84\x92\x8a\x97\x13\xbe\x64\
\x8b\x0e\x53\x88\x36\x2c\x07\x13\xc2\x20\x0a\x25\x8a\x3e\x4d\xa8\
\x2c\x54\x57\xcd\xd7\xcc\x6c\x63\x42\x32\x72\x52\x8c\x66\xf4\x9f\
\x71\x9c\x00\x00\x20\x00\x49\x44\x41\x54\x27\x1d\xc0\xb5\xc0\x49\
\x92\xde\xcd\x99\x7b\x20\xe1\x0b\x38\x0d\xab\x65\xfd\xb9\x6c\x06\
\x22\xef\xd5\x44\xf2\xdf\x47\x5f\x51\x7c\x37\xf1\x27\x81\x6d\xea\
\xe5\x50\xc8\xcc\x56\x20\x54\x35\x49\x2a\x4d\xfc\x7d\x49\xd7\x46\
\x9b\xb6\x1f\x00\x3b\x00\xeb\xc5\xff\x9e\x99\xd9\x49\xc0\x19\xb1\
\xb9\xed\x84\x32\x8b\x0d\xd9\xab\xc4\xa9\x0e\x51\x63\xd7\x27\x09\
\x27\xec\xb3\x80\xf9\xaa\x11\x31\x51\xa0\x07\x40\x5e\xf7\xf6\xe8\
\x70\xe5\x53\xf2\x0f\x92\x76\x57\x6c\xef\x10\xe5\x1c\xb4\xd4\xa2\
\xfc\x66\x3d\x60\x66\x6f\x91\xd4\xc4\x2c\x9f\xb3\x24\x9d\x54\x69\
\x7d\xba\xeb\x40\x99\x25\xb9\x6f\xd6\xaf\x08\x96\xe0\x45\x84\x2f\
\xcc\xd5\x09\x4d\x1a\xd6\x97\x74\x90\xa4\x0b\x25\x3d\xe6\x06\x41\
\x41\x06\x01\x4f\x45\x25\x13\xcb\xc7\xcc\xc6\x98\x9d\xad\xe0\xbe\
\xea\xc9\x20\x00\x58\xce\xe0\x96\x97\xcc\xce\x22\x9c\x4c\x3b\x75\
\x40\x94\x78\x7b\x56\xec\xf2\x00\x42\x05\x9d\x7b\x80\x49\x66\x76\
\xad\x99\x1d\x6c\x66\x6b\x47\x21\x37\xb9\xf3\xe7\x31\xb3\xcd\xcd\
\x6c\xb8\x99\xdd\x47\x38\xc1\x3c\x85\x64\x83\x40\xc0\xa9\xc0\xa6\
\xf5\x66\x10\x00\x48\x7a\x8a\xf0\x87\x6b\x2f\x42\xcf\x91\x24\x5a\
\x08\xb1\xe1\x63\xcd\xec\x0c\x33\xeb\xdc\x9c\xee\x93\x72\xd9\x97\
\xdc\x20\x28\xc8\xa9\xe4\xbf\x8f\x5e\x26\x18\xac\xc5\xb2\x09\x21\
\x81\xb7\x2e\x90\x34\x0e\x38\x80\x60\x5c\xc6\x99\x1c\x8d\x19\x23\
\xe9\x78\x49\xab\x17\xf8\x7b\x96\x54\x59\xe4\xbe\x24\x83\xc0\xcc\
\xb6\x89\xca\x32\x3a\x0e\x84\xef\xfa\x4e\xef\x40\x67\x5e\x5a\x59\
\x98\x59\x5f\x33\xdb\xd0\xcc\x8e\x31\xb3\x7f\x98\xd9\x37\x12\x86\
\x25\x95\x7a\xde\x3c\x7e\x21\x2a\xc3\x9b\x1b\x4a\x3a\x23\x9a\x9b\
\xe7\x4d\x96\xf4\x76\x2f\x36\x08\x36\xa1\x38\x83\x00\xe0\xd7\x66\
\x56\x76\xa7\xf6\x9e\xa8\x96\xa7\xe0\x87\xc0\x74\x42\xdc\xf1\x1b\
\x5e\xae\x2f\x3d\x66\x76\x38\xa1\x0a\x86\x08\xa7\x4c\xa7\x4b\x9a\
\x9d\x56\xde\x8b\x66\x27\x1b\xa4\x4a\x62\x35\x38\x7d\x0d\xe9\x94\
\xb4\x6b\x3b\xd9\x61\x66\xd7\x53\x5a\xe9\x45\x08\x06\xfa\x6c\x60\
\x1e\x92\x93\x9c\x0a\x71\xbc\xa4\x0b\x4a\x5c\xab\x26\x44\x89\x78\
\x47\x02\xbf\xa1\xfb\x86\x73\x1f\x10\xbc\x2c\xe7\x90\xae\x24\xf2\
\x49\x92\xe2\x46\x59\xaf\xc7\xcc\xb6\x06\xee\xa7\xeb\x89\xe1\xe7\
\x84\xea\x73\xa3\x81\xa5\x4a\x10\xb7\xa5\xa4\x47\x32\x54\xaf\x6c\
\xcc\xec\x1c\xe0\xc4\x9c\x4b\x02\x86\x48\x73\x4b\x9a\x16\x98\xb7\
\x26\xc9\x15\x8a\x92\xea\xae\x2f\x09\xbc\x4d\xf0\xa8\xdf\x44\xc8\
\xb5\x78\xbc\xd1\xfe\x8e\x9a\xd9\x6e\xf1\x53\x62\xa7\x74\xcc\xec\
\x50\xe0\xb2\xd8\xe5\xed\x24\xdd\x9f\x52\x9e\x11\x2a\x84\x6d\x41\
\xd7\x8a\x6b\xfb\x4b\xba\x3e\x36\x76\x27\xe0\xae\x98\x88\xc4\xf7\
\x7c\xa4\xe7\x82\x84\x43\xe0\x5e\x15\xf9\x61\x66\x8b\x10\xc2\x78\
\x77\x22\xe4\x52\x24\x9e\xf0\x9b\xd9\x9f\xe8\xb9\xa2\x59\x2e\xed\
\x84\xdf\xcb\x8d\xe5\x6b\x99\x4c\x5d\xf4\x29\x70\x8a\x27\xe1\x43\
\xf9\x22\xa1\xd4\xdd\xe3\xa5\xca\x1a\x63\xf6\x2d\x85\x2e\x81\x69\
\x4f\xfc\x3b\x0c\xb6\x5f\x43\x4a\x2a\x29\xe6\x54\x99\xa8\xca\xcb\
\x99\x94\x96\xd0\x59\x2a\x37\x49\x4a\x53\xbf\xbf\xa6\x98\xd9\x82\
\x84\xc4\xb7\x9f\x92\x7d\x1f\x14\x11\xfa\x48\x14\xf2\x4a\xf4\x4a\
\xa2\xd2\xd3\xcf\xd1\x35\xe9\xb6\x83\xd0\x8f\xe6\x1d\xc2\xa6\xb8\
\x58\x66\x13\x42\x24\xa6\x66\xa7\x61\xf9\x58\xe8\x7c\xfd\x02\xd0\
\x99\x60\x9e\x58\x63\xbd\xc0\xdc\x95\x08\xde\xaa\x03\x09\xe5\x52\
\xbf\x00\x16\x4f\x48\xda\x8c\x87\x05\x02\xbc\x0e\xac\x9d\x26\x64\
\xa4\x75\xa4\xad\x68\x62\x2f\x8c\x6d\x31\x96\x45\x0c\x36\x78\x5f\
\xf0\x9a\xc1\xed\xd3\x06\x70\x87\x7e\xaa\xaf\x4b\x95\xdb\x1d\x51\
\xd8\xeb\xa1\xc5\xbe\x36\x4e\x32\x66\xf6\x63\x82\x41\x10\x8f\xf2\
\xc8\xdb\xc0\x27\xcc\x5d\x92\x50\xc9\x26\xcf\x43\x57\xa0\x10\xc0\
\x25\xf1\x04\xe6\xa8\x07\xc0\xc7\x09\xeb\xef\x90\x65\x29\xe1\x46\
\xc4\xcc\x56\x23\xe4\x4d\xed\x42\xf0\x6c\x76\xbe\x46\x63\x24\xe5\
\xe5\x1f\x45\x49\xda\x93\x80\xf9\x4a\x5c\xaa\x1d\x38\x42\xd2\x9f\
\xcb\x50\xb7\x20\x6e\x14\x34\x18\xd1\x07\xfb\xbd\x84\x5b\xf7\x10\
\x3a\x83\x16\xd7\xc9\xd5\xcc\x5e\x0a\x49\x4a\xeb\x96\xa9\xd2\xb3\
\x6b\xc2\x06\xf8\x1b\xa9\x6e\x88\x0c\xc7\xdf\x51\xb8\x8f\x40\x5a\
\x66\x01\x4b\xab\xc6\x6d\xe1\xcb\xc1\xcc\x56\x24\x78\x03\xf6\xc8\
\x50\xec\xd3\x92\x36\xca\x50\x5e\xc3\x13\x79\x68\x1e\x24\x7f\xa3\
\x71\x9a\xa4\x53\x0b\xc4\xd3\x77\xc7\x13\x92\xba\xcb\x11\xa9\x19\
\x66\xb6\x27\xe1\x04\x1f\xe0\x2f\x92\x0e\x2d\x71\x7e\x0b\xf0\x2d\
\x60\x19\x49\x57\x26\xdc\x7f\x99\x50\xaa\x38\x97\xd1\x92\x4a\xea\
\xd6\x3c\xcf\x85\xb6\x68\xbb\x38\x17\xb1\x3f\xdd\xf7\x05\xfa\x48\
\x70\xf2\x8c\x2f\xb9\x4c\xa7\x94\x57\x2e\x35\x3a\x85\x3e\x07\xf8\
\x05\xf0\xaa\xa4\xf8\xcf\xd1\x94\xd8\x69\xd6\xb7\x6d\x3e\x36\x92\
\xd8\xda\x60\x08\x46\x3f\x89\xf7\x64\xbc\x38\xa3\x0f\xa3\x75\x54\
\xe9\xa7\xe6\x51\xe8\xc8\xa5\x24\x1f\xe2\x1d\x20\xe9\xba\xd8\xf8\
\x41\x84\xa2\x0b\x9b\x47\x8f\x65\xa3\x5b\x4b\xc6\x13\xd9\xcd\xec\
\xf7\x84\xdf\x51\x2e\x89\xfd\x71\xcc\xec\x79\xc2\x41\x48\x67\x52\
\xf0\xa3\xbd\x31\x31\x3e\x0a\xe7\xdb\x8c\x60\x04\xec\x46\x61\xaf\
\x67\xa1\x04\xeb\xef\x13\x9a\x3b\xa6\xe5\x72\xe0\x68\x65\xdc\x7f\
\xcb\x8d\x82\x06\xc4\xcc\xde\x00\x0a\x9d\xb8\x3c\x4c\x38\x2d\x1e\
\xdd\x9d\x7b\xf9\x25\xb3\x8d\x80\xa7\x32\xd1\x07\xb6\x5a\x43\x7a\
\x38\x0b\x59\x4e\x36\x44\x7f\x8c\xf7\x24\x84\x86\xad\x9a\x91\xd8\
\x07\x24\x0d\xcb\x48\x56\x4d\x31\xb3\xcd\x09\x89\xf5\x1b\x66\x20\
\xee\x38\x49\x23\x32\x90\xd3\x34\x98\xd9\xa5\xc0\x11\xb1\xcb\xf7\
\x01\x3b\x4a\x6a\x37\xb3\x27\x09\xbd\x6b\x8a\xe5\xd7\x92\xce\xce\
\x4c\xc1\x0c\x89\x3e\x6b\x2f\x11\xf2\xe3\x86\x49\x7a\x20\x43\xd9\
\xeb\x13\x12\x9a\xe3\x1c\x28\xe9\x9a\xd8\xd8\xc5\x80\xf3\x98\xdb\
\x3d\x79\xce\x86\x7e\xe0\x85\xb6\x91\x3a\xf8\x07\xb0\x64\xb1\x6b\
\x0b\x6e\x99\x31\x88\x03\x75\x58\x3a\xef\x4c\xb4\x29\xbd\x94\xb9\
\xb9\x13\x75\xd5\x84\xb1\x12\xd8\x48\x6b\x6b\x83\x9f\x28\x6c\xb0\
\x13\x1b\xf6\x09\x3e\x37\xf8\xbf\xe9\x7d\x39\x5b\x47\xe9\xcb\xa2\
\xe4\x9a\x1d\x0d\x8c\xa2\xb0\x57\x7f\x17\x49\x5d\xc2\x7a\xa2\xd7\
\xff\x33\xf2\x43\x43\x93\x7a\x00\xec\x4a\x7e\x8e\x4f\x07\xb0\xa0\
\xa4\x2f\x62\x63\xfb\x96\x13\xb2\xdc\xc8\x44\x49\xd1\xdb\x03\xc3\
\x80\xef\x10\x42\x6f\x8b\x61\x2f\x49\x37\xe7\xc8\x31\x42\xa1\x8e\
\x42\x55\xa3\xda\x49\xae\xf6\x17\x67\x2c\x21\xe4\x30\xb3\xde\x38\
\xd5\x4a\x34\x76\xb2\xe5\xc1\x6e\xee\x6d\x49\xf8\xe3\xfb\x86\x99\
\x9d\x6c\x66\xcb\x26\x0d\x52\xf7\x75\xb6\x4b\x65\x87\x0c\x65\x39\
\x19\xa0\xc0\x4d\x84\x8d\xca\xde\xc0\x9b\x19\x88\x7d\x3b\x03\x19\
\x75\x41\xe4\x51\xdb\x98\xf0\xda\x14\xd5\x03\xa2\x00\x1d\xc0\xdf\
\x33\x51\xaa\x49\x88\x2a\x38\xc5\x0d\x82\x37\x81\x7d\x22\x83\x60\
\x08\xdd\x57\xa3\x4b\x22\x1e\xc7\x5c\x37\x44\x87\x2f\xe7\x00\xef\
\x13\xc2\x31\xb3\x64\x41\x20\xde\xb8\xe8\x2b\x20\x29\x36\x7f\x7f\
\xc2\xc9\xf0\x7d\xc0\xdb\x66\x76\xb6\x99\xad\x3a\xe0\xff\xd9\x3b\
\xef\x30\x49\xaa\xea\x7f\xbf\x9f\x0d\xc0\x92\x73\x0e\x43\x8e\xbb\
\x84\x15\x13\x39\x28\x51\x50\xb2\x04\x51\x10\x10\xc1\x2f\x51\x40\
\x44\x09\xfe\x90\x0c\x22\x82\x22\x0a\x02\x26\x40\x31\x90\x54\x82\
\x20\x4a\x10\x10\x76\x97\x1c\x87\xcc\x12\x97\xb8\xb0\x61\xce\xef\
\x8f\x53\xc3\xf4\x54\x57\xf7\x54\xdd\xae\xee\xe9\x9e\xb9\xef\xf3\
\xf4\xb3\x3b\xd5\x75\x6f\x9d\x9d\xed\xae\xba\xe7\x9e\x73\x3e\xe7\
\x2c\xad\xd6\xd3\xc3\xdf\x28\xe0\x10\x00\x08\x76\x98\xed\x3d\xae\
\xd6\x55\xca\xb3\x38\xe9\x3f\xd6\x37\x9d\xee\xa1\x7f\x31\xf5\x5b\
\x45\xe7\xe9\x24\x66\x3b\x47\x2b\x8c\x81\xbb\xcd\x25\x9a\x6b\x76\
\xf0\x16\xcc\x0b\x1c\x33\xdb\x4c\x1e\x99\xe3\x5c\xd5\xfd\x1e\x48\
\x1a\x2d\xe9\x3c\xe0\x5c\xea\xa7\xf9\x9e\x99\x3e\x90\xec\x20\x67\
\x2d\x16\xb3\x22\x6e\x77\xe0\x3b\xda\xe0\xf5\x55\x57\x03\x47\x66\
\x5d\x73\x38\x39\x04\x92\x46\x48\x1a\x2f\xe9\x04\x49\xf7\xe2\x02\
\x1c\x17\xe2\x22\x16\x79\x1d\x02\x80\x4d\x52\x3f\x6f\x43\x6d\x87\
\xe0\x03\xfa\x9c\x8e\x1b\xf0\x5a\xa2\x2c\x66\xe0\xcf\x9f\x23\x92\
\x1a\x86\x52\x88\x91\x82\x0e\x44\xd2\x86\x78\x44\x20\x0f\x86\x2b\
\xb0\x74\x03\x7f\x37\xb3\x33\x01\x26\x49\xd7\x9a\x7f\x30\x1b\x66\
\x26\xdc\xba\x0e\xec\x6d\x66\xcf\x95\x31\x5f\xa4\x7c\x92\x74\x8e\
\x7d\xf1\x82\xdb\xc5\x03\xa7\xb9\xc2\xcc\x8a\x16\x33\xb7\x3d\x49\
\x5e\xf8\x5d\xc0\x9a\x01\xc3\xff\x65\x66\x1b\x95\x6c\x52\xc7\x22\
\x69\x2d\x7c\x81\x51\xa9\x94\xf3\x3e\xf0\x69\x33\x7b\x30\x39\x67\
\x6f\xbc\x33\x70\x5e\x9e\xc7\x53\x6b\xda\xf6\x61\x25\x6f\x6a\x76\
\x80\x99\x5d\xd0\xa4\xf9\xc7\xe3\x0b\xec\x2f\x03\xd7\x9a\xd9\x3e\
\x19\xe7\x3c\x40\xfa\x33\x3c\x8a\x7f\xcd\x76\x3a\x8b\xd2\x88\x3a\
\x8d\x71\xe2\xd4\xc3\xf3\xf5\xdf\x48\x16\x27\xa7\x00\x5f\xa5\x7a\
\xd3\xf1\x42\x33\x6b\xba\x7a\xca\x60\x30\xdb\xd9\x5a\x49\xe2\x0e\
\x60\x81\x82\x43\x3f\xc0\xd8\x76\xea\xe1\x56\xb5\xd1\x97\x38\xcf\
\x57\x02\x1b\xe7\x98\xa7\x56\x8a\xca\x59\x78\x17\xfa\x4a\xee\xb3\
\x8c\xbe\x06\x92\x76\xc6\xa3\x39\x8f\xe7\x35\x7e\x28\x92\x44\x58\
\x36\xa5\xaf\x3e\x60\xb1\x12\xa6\xfd\x38\x75\x2e\xa9\x25\x98\x48\
\x76\x43\xdf\xa7\x81\xaf\x54\xd6\x88\x26\xf2\xb3\xcb\x01\x8b\xe0\
\xd1\x83\x77\x71\x45\xcf\x27\xad\x09\xbd\x81\x62\xa4\xa0\x83\x90\
\xf3\x59\x7c\xf7\x28\xef\x02\x5c\x78\xaa\xd1\xe6\xc0\x19\x92\x5e\
\x92\x74\xf9\x5b\x30\xb6\x2c\xbb\xde\x87\xa5\xf1\x9d\xa9\x77\x24\
\xfd\x57\xd2\x25\x92\x0e\x2d\x6b\xfe\x48\xe3\x98\xd9\x34\x33\xfb\
\x29\xfe\x59\x38\x12\x2f\x16\x2b\xca\x67\x92\xb0\xe7\x50\x63\x36\
\xa0\xaa\xd3\x66\x4e\x62\x94\x20\x41\xde\xe8\xee\x6a\xfa\x3b\x04\
\x00\xfb\xf6\x3a\x04\x09\x45\x37\x23\xae\x69\x67\x87\x00\xc0\xcc\
\x66\x36\xcb\x21\x48\xe6\xbf\xcf\xcc\x0e\xc1\xf3\x96\x8f\x4e\xbf\
\x9f\x38\x63\x55\x4e\xed\x2c\x7b\xf1\x32\x8d\xca\x55\x8a\x6f\xcf\
\x79\x86\x6a\xee\x7c\x27\xd7\x1f\x2d\xe9\x5b\x78\x3a\xc3\x3e\x64\
\xaf\x2d\x86\x64\x33\x2a\x9d\xae\xb9\x24\xae\xa3\xb8\x43\x00\x30\
\x3b\xe2\x8a\xd9\x7f\xac\xa5\x3f\x9e\x4f\x1a\x29\x69\x77\x3c\x42\
\xb4\x71\x5e\x33\xc8\x90\x06\xc5\x73\xfe\x2b\x99\x0e\x4c\x4d\x9c\
\xd8\x7e\x98\xd9\x55\xc3\xd5\x21\x90\xb4\x9c\x5c\x8e\xfb\x46\xbc\
\xbf\xc2\x5f\x71\x55\xa0\x32\x1c\x02\x80\x55\x92\xf4\x3e\xf0\xf4\
\xee\xb4\x43\xf0\x26\x2e\x01\xbe\x66\x5a\x34\xc6\xcc\x66\x98\xd9\
\xe3\x66\x76\xbb\x99\xdd\x9a\xdc\x0b\x1e\x6e\x86\x43\x00\xf5\x8b\
\x8d\x22\x2d\x22\xd9\x5d\xf9\x04\xb0\x30\xbe\x8b\xbb\x08\xf0\x5e\
\x0d\x19\xab\x9b\x09\xeb\xb6\xda\xcb\x62\xc0\x9e\xdd\x40\x59\xc9\
\x9d\x1f\xba\x1e\x3e\x78\x23\xa2\x75\x93\xd7\x24\x3c\x07\xb2\x1f\
\x92\x0e\xc3\x1d\x9a\x87\x70\xa5\x8e\xe9\x25\x99\x11\xc9\x41\xa2\
\x56\x72\x96\xa4\x9f\xe3\x8d\xc9\x8e\x24\x7f\x03\xa9\xa5\xf1\x9d\
\x93\xbf\x36\xc9\xbc\xc1\x62\x7b\xfa\x3e\xc3\x45\x98\x01\xfc\x61\
\xc0\xb3\x86\x01\xc9\x22\xe3\xb7\x54\x6b\x6e\x9f\x69\x66\x57\x54\
\x9c\x37\x1a\x28\x54\x20\x0b\x5c\xd7\xa0\x79\x43\x86\x44\xd6\xf1\
\xb5\x8c\xb7\xf6\xae\x3a\x22\xde\x1f\xb1\x46\x29\x4a\x64\xb3\xcf\
\x1c\xc5\x41\xb8\x7a\x57\xff\x4b\xf8\xae\xe7\xbe\xc0\x11\xc0\x32\
\x03\xcc\x93\x4f\x04\xa3\xc3\x98\x6d\x16\xbe\x83\xd5\xac\xf1\xcb\
\xc3\x42\x36\x93\xd3\x24\x5d\x04\x7c\x07\x2f\x3a\x0f\x51\x48\x5b\
\x0f\x77\xca\x2b\xf9\x37\x9e\x82\x72\x07\x70\x3b\x2e\x0d\xda\x56\
\x0a\x5e\x83\x41\x72\xbf\xfa\x0c\x1e\x0d\xd8\x8e\xf2\xea\xee\x6a\
\x5e\x12\xd8\x48\xd2\xf3\xc0\xff\x25\xc7\xa6\x00\x7f\xc7\xa3\x41\
\xd7\x5b\x46\x63\xc6\x24\xc2\xbf\x1a\x2e\x6b\xda\xf4\xe6\x74\x10\
\xe0\x14\x4c\x92\xc6\x1b\x7c\x9e\xa4\xe9\x98\xe0\x3d\xf3\xf4\x94\
\x9b\x1e\x83\xdb\x76\x36\x9b\x59\xba\x95\x1d\x8a\xa4\x75\x81\x15\
\xf1\xc5\xfe\xa2\xf8\x82\xfc\x77\x66\x96\x6e\xff\xfd\x79\xaa\xab\
\xd0\x9f\x05\xfa\x39\x05\x66\x66\x92\x26\x33\xf0\xcd\x77\x40\xde\
\xf1\x3c\xb5\x22\x39\x71\x35\x79\xc1\x77\x1f\xd2\x54\x35\x72\x92\
\x77\x39\x3c\x8b\xbe\x3c\xc5\xe9\x92\x1e\x07\x76\x32\xb3\x74\xde\
\x6c\x47\x23\x69\x23\xbc\x27\x47\x5b\xaa\x32\x98\xd9\xbb\xc0\x49\
\x92\x7e\x01\x9c\x8e\xe7\x23\xe7\x89\x02\xfc\x50\xd2\x4d\x43\xec\
\xc1\x12\xda\xb0\xec\x96\x74\xb8\x7e\x18\x73\x3a\x7e\x1f\xab\xe4\
\x9f\xf8\x22\xa7\x92\x0d\xf0\x9c\xea\xbc\x4c\xa5\xfc\x3c\xfd\xa1\
\xc8\x2f\xf0\xe2\xc4\x3d\x48\xf2\xd9\x47\xae\xca\xbf\x10\x5b\x95\
\x31\xb9\xc1\xd6\xc0\xf7\xe4\x4d\x0f\xe7\xc7\xff\x0f\xf7\xc0\xd3\
\x84\xe6\xcf\x31\xc5\x73\xb8\x3c\xed\x90\x42\xa7\x6b\xae\xd9\x46\
\x53\x46\x54\x7c\x97\x11\xab\xf2\x6c\xcf\x23\x34\x22\xe4\xb0\x61\
\xfa\x40\x72\x7f\xda\xba\x81\x39\x87\x0c\x92\x16\xc4\x73\xfb\xbf\
\x80\x3b\x02\x45\xa5\x40\x1b\x65\x13\xe0\x6e\x3c\x05\xf0\xbe\x5a\
\x12\xd6\x92\x0e\xc7\xa3\x7e\x6b\xe2\x0e\xc1\xe8\x64\xec\xad\xad\
\x30\x32\xb7\x53\x30\x41\xda\x42\x70\x12\x29\xb5\x8e\x8a\x98\xee\
\x77\x56\x86\x17\x26\x49\xdf\x1b\x0b\x97\x61\x8d\x49\x99\xb5\x2b\
\xf2\xce\xa7\x9b\xd2\xb7\xa3\xbf\x08\xbe\xd8\xdf\x29\xa3\x00\xe7\
\x74\xaa\xc3\x7f\x4f\xe2\xf2\xa1\x95\x64\x49\x3c\x2e\x2a\x49\x19\
\x61\xf3\x57\x68\xcc\x29\x78\x00\x38\xed\xb3\x1e\xea\xfc\x49\x03\
\xf3\x7c\xcc\xdd\xd9\xa1\xe2\xac\xee\xae\xab\xd2\x7f\xe1\x39\x1a\
\x58\x1d\xa8\x5a\x58\x49\x3a\x1d\x0f\x7b\x3f\x92\xcc\xf5\x30\xf0\
\x68\xd9\xf2\x5b\x4d\x64\x3d\x7c\xd1\xbd\x59\x3b\x17\x66\x25\x4e\
\xcb\x9e\xf2\x26\x2a\xe7\x31\x70\x5e\xfd\xea\xc0\x2f\x24\xed\xd1\
\xee\x29\x1d\x79\x48\x52\x5e\x42\x1f\xc4\xbf\x1f\xf8\x94\xa1\x8f\
\xbc\xbb\xfa\x61\xa9\xc3\xcf\xe3\x85\xc5\xe9\xcf\x7e\xd1\xd4\xa1\
\xa1\xe6\x80\x36\x05\xf3\xce\xe2\x47\x4a\x3a\x06\x77\xce\xbe\x32\
\x72\x03\x9e\x87\x72\x9c\x02\xc1\x5a\xda\x5c\x0b\xe0\x6a\x42\x21\
\x7d\x4a\x96\x06\x7a\x24\x8d\x4d\xa5\x92\x21\xe9\xc7\x78\x81\x74\
\x25\x97\x99\xd9\xa1\xa9\xf3\x56\xc6\x9b\x6c\x81\x17\x58\xf6\xaa\
\xe2\xac\x9f\xde\x65\x95\x74\x06\xd5\xc1\xf0\x8b\xd3\x5a\xfe\x89\
\xba\x53\xa5\x14\xe7\x34\xe0\x65\x33\xfb\x76\xfa\x1f\x20\xe9\x64\
\x52\x8a\x30\xb3\x1c\xcc\xbb\x2c\x57\x95\x2e\x17\xc2\x88\x11\x8b\
\x73\x54\x4f\x63\x09\x56\x93\x4b\xb0\x63\x48\x51\xa7\x77\xc0\x60\
\xb0\x49\xce\x9a\x9a\x83\xa9\x8e\xb8\xae\x49\xbb\x38\x05\xb7\x4a\
\xa3\xe6\x87\x33\x44\x2e\x6f\x78\x49\x83\x4b\x26\xc2\x6e\x53\xa5\
\x5d\x3e\x65\xf9\xe4\xb6\xda\x01\x49\x63\x71\xcd\xfe\xc5\xf0\x9d\
\x96\x45\x80\x07\xcc\x2c\xdd\x34\x66\x61\xe0\xcf\x19\x53\x2c\x8c\
\x37\xa2\xa8\x24\x73\xb1\x9f\x71\x2c\xeb\xbc\x59\xf1\xdd\x98\xb4\
\x62\x43\xe8\x17\xff\x2d\x5c\x02\x6b\x6b\x33\xeb\x99\xe8\x2d\xcc\
\xcf\xa6\xf1\x46\x4e\x3d\x7f\xce\xf6\xb8\xb3\x6e\x6f\x59\x21\xba\
\x57\xcc\xec\xcd\x8c\xe3\x9b\xe3\x3a\xfb\xdb\x57\x1c\xfb\x2e\xde\
\xde\xfd\x63\x24\xcd\x09\x8c\x32\xb3\x29\x39\xed\x6d\x15\x2b\xe1\
\x3b\x37\x27\x92\x8a\xf8\xb4\x23\x66\x76\xbb\xa4\x75\xf0\x87\xf3\
\x59\xc0\x82\x75\x4e\xff\x32\x30\x4a\xd2\x57\xb2\x42\x9e\x1d\xc6\
\x0e\x14\xeb\xe6\xdc\xcb\x34\xaa\x25\xfc\x86\x1d\xc9\x7d\xf3\x32\
\xfa\x3b\xfb\x1f\x02\x3b\x9a\x59\x56\x9a\x4b\x51\xa7\x20\xa6\x0e\
\x15\x20\x71\xc2\xae\x07\xae\x1f\x73\xb6\x4e\x2a\x71\xea\x11\xba\
\x97\x67\xad\x7f\xc7\xdb\x10\xb2\x32\x09\xe6\xa2\xba\xdb\x78\x56\
\x3a\xdf\x6c\x78\xc1\x65\x9a\xac\xcd\x89\x75\x71\x25\xbe\x4a\xb2\
\x9a\x6c\x2e\x85\x2b\xc9\x54\xf2\x32\x50\xe5\x14\xe0\xf7\xc6\xa5\
\x2b\x0f\x68\x56\x82\xba\x08\x67\x31\x62\x45\x44\x63\x62\xb6\xdb\
\x48\x5a\x2f\x9d\x93\x3e\x9c\x48\xd2\xd9\x36\xa7\xaf\x9b\x70\x21\
\xc5\xad\x0c\xde\xc4\xd3\x7c\x3e\xc2\x55\x81\xe6\x07\x16\x22\x2c\
\xcb\x62\x25\x49\x4b\x98\xd9\x8b\x03\x9c\x37\x91\x6c\xa7\xa0\x25\
\xd4\x77\x0a\x7c\x1b\xed\x12\xab\xf6\xe2\x07\x62\x8b\x31\x70\xeb\
\x44\x69\x83\x71\x83\xbc\xb3\x2b\x69\x57\xfa\x16\xfa\x8b\xe2\x8b\
\xf7\xe3\xcc\x2c\x1d\xca\xdc\x0d\x38\x36\x75\x6c\x5e\xaa\x3b\x49\
\xd6\x6a\xdc\xb4\x28\xe1\x4e\x41\xad\x85\xfe\xa2\x54\x3b\x05\xaf\
\xe0\x45\xa2\x53\xa8\xdd\xab\xa0\x92\x57\xf1\x9d\x90\xcb\x2a\x77\
\x76\xc7\x99\xbd\x30\x41\xfa\x95\x8a\xb5\xd8\xce\xe2\xe2\x57\xe0\
\x20\x7c\x11\xbc\x6a\xf2\x5a\x9d\x6c\x29\xb4\xac\xc6\x35\x55\xce\
\x83\xbc\x99\xcf\xca\x79\xce\xc5\xff\xdf\x2e\x92\xf4\x12\x1e\x4d\
\x78\x04\xb8\x2b\xdd\xc8\x65\x10\xe8\x2d\xee\x3b\x46\xd2\xbf\xcd\
\xec\x86\x41\xb5\x26\x07\x89\xae\xf9\x65\x92\x6e\xc0\x9d\xaf\x5a\
\x05\x83\xe0\x0f\xd2\x85\x24\x7d\xd5\xcc\x3a\x59\xaa\x34\xb4\x3b\
\xf3\xdf\x6a\x38\xb3\xc3\x06\x79\x77\xd3\xab\xa9\x5e\x28\x1e\x6c\
\x66\x55\xda\xfa\x92\x96\x23\xfb\x7b\x5d\x8f\xb6\xff\xde\xb4\x2d\
\xa2\x5c\x87\x5d\x0d\x3b\x04\xe0\x3b\xfc\x69\xb2\xee\x31\x59\xe7\
\xd5\x92\x46\xcd\x3b\x67\x96\x43\x92\xf7\xda\xd9\xe7\xce\x41\x69\
\x52\x90\x23\x96\xe2\x25\x3c\xc2\xd6\xdb\x08\x71\x66\x72\xcd\x22\
\xe2\x0e\xdf\xc1\x77\xc6\x87\x0d\x49\xef\x80\x6d\xf0\x7f\xf7\x26\
\x84\xd5\x5c\x4e\xc1\x9b\xb9\xde\x83\xa7\xb9\x3d\x05\x3c\x9d\xee\
\xd1\x50\x71\xcd\x05\xf0\xc8\xc3\x46\x78\x1a\x5d\xde\x82\xe4\x8d\
\x81\xdf\x0c\x70\xce\x04\xfa\x6f\x86\x42\xbb\x38\x05\x13\xbd\x78\
\xa8\xa8\x43\xd0\xcb\xda\xc0\x45\x78\xae\x72\xa9\x24\x1f\x82\xad\
\xe8\xdb\xd1\x5f\x0c\x98\x66\x66\x59\x0f\xf8\x73\x93\x73\x2a\xb9\
\x98\xea\xfc\xc6\x5c\x0b\x78\x33\x7b\x5f\xd2\xbb\x54\x17\x67\xe6\
\x5d\xec\x67\x9d\xf7\x06\x1e\x0a\x7d\x2d\x19\xf3\x0a\xbe\x5b\x51\
\x15\x36\x37\xb3\x03\x80\x03\x24\x1d\x41\x86\x36\x71\x05\x33\x71\
\x3d\xdd\xe3\xcc\x2c\x53\x1f\x7a\x24\x7c\xbf\xa7\x31\x6f\x7a\xf2\
\x28\xf8\x5e\x52\x05\xff\x60\xf2\xaa\xc7\x2b\xc0\x7d\xb8\xd2\x4b\
\xef\x03\x26\x2b\xcd\xa8\x0b\x98\x3d\xe3\x78\xd6\xb9\xbd\x8e\xc6\
\xe2\xc9\x6b\xf3\x64\xfe\x74\x77\xc7\x51\xb8\x76\xfa\x23\xc0\xc3\
\x2d\xc8\xf5\xef\x7d\x58\x8c\x00\xae\x94\xb4\x65\xa7\xec\xe0\x24\
\x3b\xbc\xfb\x25\xc5\xc8\xe7\xd1\xf7\x90\x4a\xb3\x31\xf0\xa0\xa4\
\x6f\x9b\xd9\xcf\x5a\x65\x5f\x59\x24\x05\xfe\x1b\x07\x0e\x1f\xd6\
\xa9\x43\x89\xe3\x7e\x39\xd5\x1b\x13\x3f\x35\xb3\x5f\xd6\x18\xb6\
\x5d\xc1\xcb\x3c\x10\x65\x8e\x1b\xa2\xbc\x74\x92\x1e\x66\xda\xdb\
\xbc\x0c\x2c\xd9\xe0\x4c\x59\x0b\xf3\xac\xc5\x7e\xde\x85\x7e\x91\
\x73\xf3\x3a\x1a\xb5\xea\x22\xab\xcf\x1d\x51\x68\xc1\x5e\x9f\x31\
\xcc\xc0\xd3\xf0\xd6\xc0\x55\x83\x1e\xc1\x95\xbc\xd6\xc5\x3b\x83\
\xf7\xbe\xea\xd5\x70\x6c\x29\x69\x29\x33\x7b\xbe\x34\xbb\xda\x8c\
\xa4\x48\xf8\xd3\xb8\x13\xb0\x0d\x61\x4a\x8a\x1f\xe0\xb2\xee\x37\
\xe2\x7d\x3d\x1e\x2e\x92\x0e\x6b\x66\x6f\xe0\xbd\x53\xae\x95\x74\
\x2c\x1e\x71\x3e\x8d\x81\x53\xbb\x37\x21\x9f\x53\x90\x66\x71\x49\
\x23\xac\x05\x69\xf9\x35\x9d\x82\x07\xa5\x45\x04\xdf\x6b\x30\x69\
\xf8\xcb\x93\xa4\x0b\xf3\x76\xbb\x95\xb4\x35\x30\x8e\xbe\x1d\xfd\
\xc5\x81\x4b\xcd\xec\x92\xd4\xa9\x63\x81\x9f\xa6\x8e\x65\x7a\x74\
\xf8\x42\x34\xed\x14\xe4\x4d\xe1\xa9\x25\xc3\x36\x99\x7c\x4e\xc1\
\xf3\x78\xf4\xe0\xe5\x64\xfe\x57\xf1\xd0\x50\x3f\x92\xff\xe8\x22\
\xc5\x77\x50\x5f\x3c\xa8\x1b\xd8\xdd\xcc\xee\xac\x37\xc1\x1a\x66\
\x93\x27\x49\x3b\x9b\x7f\x29\x8a\x86\xc3\xa6\x02\xdb\xaf\x66\x56\
\x2b\x72\x52\x85\x79\xd7\xd7\xb3\x13\x59\xcb\x2e\x3c\xaa\x90\xb5\
\x38\xcf\x8a\x28\x7c\x84\x7b\xef\x79\xce\xcd\x72\x1e\x96\x03\x7e\
\xdc\xfb\x83\xa4\x29\xf8\x4d\xf7\x0b\xc9\x17\xbc\x6c\x2a\xbf\x5b\
\x73\x02\xd7\x4b\xda\xd1\xcc\xb2\x42\xd8\x85\xb8\x4f\x1a\x3d\xc6\
\x6b\x42\xe6\x9c\x09\x6f\x8c\xad\xe1\xf4\x35\x8a\x99\xdd\x23\xe9\
\x33\xc0\x5e\x78\x7d\x4c\xfa\x7b\x04\xfe\x6f\xeb\xd4\xda\x82\x9d\
\x08\x53\x60\xfb\x00\xb8\xa6\x64\x5b\x3a\x8d\x13\xa9\x4e\x05\xba\
\x8b\xea\xda\x82\x4a\x8a\xa6\x0e\xb5\x6d\xc3\xb2\x4e\xc0\xe0\xb6\
\xd2\x56\xac\x23\xb8\x1b\x63\x03\xe0\xd7\x78\xfa\x60\x28\x8d\x2c\
\xe0\x9b\xe1\x14\x34\x14\x29\xb0\xe9\xbc\x57\xa2\x46\xf3\x4b\xc9\
\x33\xbb\xf2\xb9\xdd\xbb\x78\xbd\x0d\x3e\x5e\x10\x6f\x0c\xec\x08\
\x7c\x91\xea\x1d\xea\x91\xb8\x12\xd5\xff\x2b\xcf\xac\xc1\x27\x29\
\x70\xdf\x02\x77\x04\xb6\xa4\x7e\x7a\x6b\x2d\x9e\xc4\xef\x29\xd7\
\x01\xb7\x27\x4a\x5e\x0d\x93\x28\x28\x5e\x21\xe9\x3a\xbc\xa3\x78\
\xbd\xba\x81\x8d\x73\x4c\xf9\x3f\x5c\xd5\x6e\x22\xee\x20\x4c\x68\
\x65\x34\xbe\xe6\x03\xb1\xc7\x65\x93\xe6\x6e\xf4\x02\xd3\xe0\x04\
\x49\x7f\xa6\x4f\x7d\xa7\x77\xb1\xbf\x69\x46\xf8\xfd\xeb\xc0\x97\
\x52\xc7\xb2\x14\x0b\xb2\x16\xa2\xf3\x48\x1a\x93\x21\xdb\xf4\x0a\
\xd5\xa1\x97\xbc\xbb\xfa\x0b\x49\x1a\x69\xd5\x8a\x4a\x8f\xe2\x8b\
\xd4\xc9\xf8\x82\xff\x55\x5c\x62\xb3\x1f\x66\xf6\x1b\x06\xf6\x0a\
\x43\xa9\xb5\x63\x73\x35\xf0\xf5\x5a\xd1\x81\x34\x63\xcd\xee\x9c\
\x20\x6d\x28\x97\x99\xcc\xbb\x0b\xf4\xdc\x08\xd8\x71\x0d\xb3\x7b\
\x73\x9e\xdf\x8f\xc4\x23\x7f\x26\x79\x65\xf1\x10\x70\x08\xbe\xe0\
\xef\x4d\x47\x7a\xa9\x46\xc1\x6e\x5e\xa7\x20\x7d\xde\xbc\xb8\x63\
\x55\xf5\x7b\x92\x74\x3e\xee\xf4\x3d\x5c\xf1\x7a\x26\xe3\x73\x50\
\x8f\xf4\xae\xd2\xdc\xb8\x63\x70\x90\x99\x5d\x54\x60\x9e\x5e\xa3\
\x46\x4c\x82\x1d\x0d\xf6\x1c\x0d\x9b\xce\xa8\x70\xe2\x26\x4a\xaf\
\x09\xae\xe9\x81\x4b\xd6\xf4\x4e\xbd\xa5\x91\xfc\x5f\x5d\x26\xe9\
\xaf\xc0\x31\xf8\xa2\xaf\xb2\x0e\xe5\x72\x33\xbb\xb0\xcc\x6b\xb6\
\x90\x50\xd5\xa1\x6b\xcc\xac\x56\x97\xc9\x21\x8f\xa4\xed\xa8\x4e\
\xb5\x9c\x8c\x8b\x2d\x64\x3e\x68\x93\xda\x9f\x0d\x0a\x5e\x2a\xd6\
\x13\x34\xc0\x87\x87\xd9\x93\x63\xce\xd1\x43\xf8\xfd\xb3\x21\x04\
\x7f\x30\xb3\x1e\x49\xfb\xe2\xe9\xa2\x73\x03\x07\xe0\xd1\xd7\x3c\
\x1b\x5a\x0f\xe0\xcf\xf7\xac\x7c\xea\x53\xf0\xe8\x7d\x2f\xb3\xd6\
\x38\xef\x49\xfc\x3b\xdb\xef\x7a\x35\x76\x78\x7f\x4a\x75\xcd\xcf\
\xed\x19\xe7\x3d\x82\xef\xf0\x8e\xa6\xef\x9e\x5a\xab\x87\xcb\xb5\
\xa4\xd6\x44\x9a\xca\x64\x28\x45\xf6\x15\x2c\xf3\xb9\xd5\xff\x14\
\x7f\x06\xdd\x0c\xdc\x2c\xe9\x60\x5c\xd0\xe2\x40\x7c\x83\xa3\xb7\
\x36\xea\xf3\x0c\x01\xa7\x20\x49\x37\xfc\x02\xee\x08\x84\xc8\xb4\
\xce\xc4\x37\x2a\xae\xc1\x05\x0b\xee\x2b\xd7\xc2\xfe\x24\xcf\x84\
\x03\x25\x3d\x8a\xd7\x6b\x66\x39\x9c\xcb\x4b\x5a\xa6\xde\x22\xdf\
\xcc\xba\xa9\xae\x73\x69\x19\x35\x3b\x1a\x4f\x90\x9e\x50\xbe\x9c\
\xf5\x81\x98\xb1\x1e\x8c\xca\x78\x82\xae\x91\x28\x26\xf4\x19\x23\
\x5d\x80\x7f\xc0\x2b\xf9\x9d\x99\xed\x9e\x3a\x6f\x49\x7c\x17\x3e\
\xcd\x72\x66\xf6\x4c\xea\xdc\x4b\xe9\xdf\x6a\x1d\xe0\x97\x66\xf6\
\xf5\xd4\x79\x2b\xe0\xaa\x40\xbd\x3b\xfa\x2f\x26\x7f\x9e\xd1\x8e\
\xc5\x94\xf2\x96\xdb\xe3\x2b\x0e\x7d\x04\x1c\x61\x66\xe7\x87\xcc\
\xf7\x98\x34\xd7\x47\xf0\x1d\xc1\x41\x56\xdb\x19\x7c\x17\xf8\xb1\
\xe0\xac\x66\xed\x4e\xd7\x42\xd2\x9c\xe9\x85\x58\xa2\x04\xf5\x36\
\xd5\x39\x97\x1b\x58\x6a\x71\x9c\x84\xf8\x4e\x4e\x9d\x77\xbf\x99\
\xad\x93\x71\xad\x97\xa8\xde\x81\xd9\xd7\xcc\x2e\x4e\x9d\x37\x27\
\xf0\x51\x56\xaf\x05\x49\x13\xf0\xa8\x57\x16\x3f\x06\x0e\xcb\x1b\
\x0a\x7c\x50\xfa\x44\x8f\x77\x80\x1d\xf0\xe1\x2e\xf8\xd3\x34\x38\
\x68\xbc\xd9\xcb\x79\xe6\x2e\x8a\xa4\x55\xf0\x94\xbc\xcf\xe3\x0f\
\xfa\xcf\xb6\x4a\x3f\xb9\x4c\x24\x2d\x86\xdf\x43\x6a\xe5\x29\xd7\
\x63\x07\x33\xfb\x53\xc9\x26\x75\x04\x92\x56\xc2\x05\x0b\x2a\xc5\
\x05\x66\x00\x9b\x5b\x9d\x88\xb0\xa4\x1d\x29\xd6\xd3\xe1\x35\xbc\
\x43\xeb\x90\x54\xb1\x6b\x15\xb3\x9f\xa3\xdd\xad\xf1\x8d\xa9\xd7\
\x3e\x9c\xc6\x8a\x76\x74\x75\x7e\x75\x72\x0f\x3e\x08\x4f\x35\xae\
\xb7\x7b\xdb\x03\x2c\x62\x66\x21\x4d\x13\xdb\x96\x59\xce\xd6\x9a\
\x23\xc5\x03\x65\xcc\x65\xb0\xdd\x87\x87\x59\x50\x04\x32\x49\xa9\
\x3e\x13\x77\x0e\x3e\x02\xe6\xeb\xb4\xfb\x72\xa2\xc9\xbf\x21\xee\
\x04\x6c\x4b\x76\xc7\xdf\x81\x78\x1d\x5f\xc7\x5d\x0b\xfc\x7d\xb0\
\x04\x48\x24\x1d\x0d\x9c\x5a\xe3\xed\xbd\xcd\xec\xb2\x56\xda\x53\
\x84\xcc\x48\xc1\xa3\xd2\x02\x25\x39\x04\x00\xa3\xd6\x81\xe9\xff\
\xaa\x56\xf8\x58\x94\xea\xdd\xf5\xbc\x29\x3c\xaf\xe2\x29\x0b\xe9\
\xc5\xe0\xa2\x54\xef\x3e\x3f\x82\xe7\xb1\xf7\x2e\xf6\x5f\xc2\xb5\
\x62\xfb\x61\x66\x4f\x52\xde\xbf\xb9\x15\x54\xa6\xfb\xbc\x83\x2f\
\x54\x82\xb5\x0b\x56\x76\xdd\xfa\x63\xbb\xa5\x93\xde\xf1\xe6\x42\
\xe3\x81\xe5\x0c\xa6\x0a\x5e\x13\xdc\x61\x70\xdb\x60\x15\x8e\x67\
\xed\xcc\x9a\xd9\xbb\x92\xe6\xa7\x2f\x9a\xb0\x4a\xf2\x67\x9e\x48\
\x01\x59\xe7\x25\xc5\x93\x59\x45\x43\x59\x45\xce\x87\x03\xc7\x49\
\x7a\x12\xff\x2c\x3f\x0a\xfc\xcb\xcc\x6e\xc4\xdb\x95\xd7\x72\x0a\
\xfe\x0f\x57\x22\xf8\x9a\x0d\x90\x7e\x35\x51\xfa\x32\xbe\x8b\x96\
\xab\x78\xca\xe0\x4b\xa3\x61\xfc\x44\x69\x9b\x71\x29\xe9\xbf\x32\
\x30\xb3\x47\x25\x6d\x89\xef\xd8\xdd\xd1\x69\x0f\x9e\x0a\x76\x26\
\xcc\x21\x78\x87\x61\x5a\xfc\x9a\x38\xc1\x57\x53\xad\x36\x76\x78\
\x3d\x87\x20\xa1\x68\xea\xd0\xf5\xd1\x21\x68\x9c\xa9\x4b\x72\xc5\
\x6c\x2f\xb0\x1f\xe1\xb5\x33\x00\x47\x67\x39\x04\xf0\x71\xbf\x93\
\x53\x25\xfd\x04\x57\x59\x3b\x82\x6c\x35\xaf\x11\xf8\xae\xf6\x90\
\x52\xec\x9a\x76\xb8\x4d\x18\x73\x8e\xfe\x89\xe7\x8a\x37\x42\xf7\
\x47\xef\xf0\xf7\xd0\xc1\xc9\xce\xf3\xce\x92\x36\xc6\x37\x9d\x3e\
\x03\xdc\xd2\xa0\x4d\x4d\x47\xd2\x22\x78\x1f\x85\x6d\xf0\x8d\xa6\
\xbc\x8d\x34\x2b\x99\x88\x47\x15\xaf\xc3\x45\x46\xda\xa1\x57\xd6\
\xe9\x78\x86\x4a\x56\xaa\xdd\x26\xb8\x62\x5b\x5b\x92\xe9\x14\x4c\
\xf7\x7c\xef\xd2\x58\xc4\x77\x98\xd3\xc5\x31\xc1\x85\xb9\x66\x36\
\x4d\xd2\x9d\xb8\x47\xfc\x12\x7d\x8b\xfd\x17\x32\xce\x3d\x95\xda\
\x1e\x5b\x27\xd3\xbb\x48\xfe\x00\xd8\xc2\xcc\xee\x2a\x63\xd2\x2e\
\x8f\x8a\x5c\x43\x87\xe4\x4c\x27\x3b\x01\xe9\x3c\xcc\x2c\x26\xe3\
\xe1\xe7\x65\xe9\x5b\x0c\xe6\x95\x4d\x85\xda\x7d\x17\x46\xd3\xa7\
\xba\x04\xfe\x65\xbf\x11\xf8\x17\x9e\xf3\x59\x8b\x2d\x81\x89\x92\
\xf6\x33\xb3\xcc\x07\xe5\x24\x6f\x80\xf6\x2b\x8a\x87\x4d\x97\x06\
\x6e\xbc\x5f\x1a\xbf\x76\x13\x0a\xaa\x93\x70\x7d\xa7\x17\xda\xee\
\x16\x38\xee\x4f\xed\x18\x39\x6c\x36\x49\x1d\xd0\xc5\x54\x47\xab\
\x7e\x6b\x66\xe7\x0d\x30\x76\x04\xc5\xf5\xf2\x63\xea\x50\x09\xd8\
\xce\x36\x73\xce\x73\xb5\xdb\xcc\x1e\xee\x26\xa0\xbf\x8d\x8c\xf3\
\x3e\x38\xbc\xaa\xa6\xaf\xfa\x3a\xbe\x69\xf3\x1d\x49\xbf\xc6\x53\
\x77\xb2\x52\xc5\x56\x2c\x7a\xfd\x4e\x40\xe2\xbb\x66\xdc\x4e\xd8\
\x26\x83\xcf\x61\x1c\x65\xc7\xdb\xb4\x46\x6d\x31\xb3\x5b\x13\x69\
\xe9\x46\xa5\x38\x9b\x46\x09\xbd\x03\x3e\xc4\x3b\x35\x5f\x0b\xfc\
\xb9\x1d\xd5\xef\xcc\xcc\x24\x7d\x03\x8f\x7c\xa4\xff\x2f\x36\x1d\
\x04\x93\x72\x93\xe9\x14\x58\xc9\x85\x83\x73\xe7\x77\x0a\x9e\xc4\
\xab\xee\x7b\x17\xf9\xaf\x52\x23\xef\xdc\xcc\xd6\x2b\xd3\xc6\x0e\
\xe4\x35\x3c\x24\xbb\x57\x59\x0e\xc1\x50\xc6\xcc\x8e\x00\x8e\x90\
\x34\x2b\xbe\x80\x5f\x85\x8c\xa2\x6f\xb2\x23\x0a\x2f\xd6\x90\x26\
\xab\x17\x7d\xf8\x23\xee\x8c\xd6\x5b\xd0\x2f\x04\xfc\x39\xe9\x2a\
\x7c\x78\xb2\xeb\x06\x78\x3a\x97\xf9\xc2\x3b\xb4\x8f\xc4\xa2\x23\
\xe1\x97\x94\xd4\xbc\x68\x28\x21\x69\x29\x5c\xbd\x22\x84\x4e\x77\
\x86\x42\x39\x86\xea\x3c\xd7\x09\xc0\x7e\x39\xc6\x7e\x82\xda\xa2\
\x0d\x59\x4c\x87\xf2\xf4\xdf\x87\x3b\xef\x1d\x62\x93\xe7\xf8\x91\
\x3e\xd3\x63\xfc\x15\xff\xbf\xc8\x83\x21\x4e\x9f\xba\x64\xb1\x1e\
\x2b\x66\xf6\x50\xd2\xcd\x7d\x1f\xe0\x1c\xfa\xef\xfc\x66\xf5\x18\
\xe8\x78\x3e\x38\xd4\xee\x9c\xfd\x47\x3a\xd6\xac\x4a\xbe\x3c\x1f\
\xc6\x2f\x3e\x38\xdc\xae\x2a\xcb\x9e\xa4\xf6\xae\x6d\x16\xca\x25\
\xf5\x0e\x78\x89\xbe\x22\xe1\x8e\x68\x68\x68\x66\xef\x24\xdd\x89\
\xaf\x48\xbd\xb5\xb4\xa4\x65\xd3\xa9\xee\x95\x24\x05\xe5\x6b\xe3\
\x75\x8f\xe3\xf0\xa8\xc3\x38\x60\x65\xf3\x2e\xd5\x4d\x23\xd3\x29\
\x98\x09\x6f\x04\xbb\xbc\x19\x7c\xe8\x0f\x8f\x07\xe9\xbf\xd8\xbf\
\x35\x7d\x5e\x92\xfe\xd2\x58\xfb\x8e\xe1\xc3\xeb\xc0\xb7\xcd\xec\
\xea\xc1\x36\xa4\x93\x48\x0a\x21\x1f\x48\x5e\x59\xdc\x03\x7c\x8f\
\xbe\x74\xa4\x55\xc9\x4e\x33\x1a\x49\xb6\xe6\xfa\xc3\xc9\x75\x9e\
\x93\x74\x05\xae\xdc\x33\x10\x5f\x07\xb6\x95\x74\x3c\xbe\x73\x72\
\xdf\x03\xb0\x88\x8a\x2d\xa4\xb2\xd8\x32\xe9\x15\x92\x55\x60\x37\
\x9c\xd9\x95\x62\xda\xdf\xbd\xbc\xce\x30\xbc\x3f\x49\xda\x1c\xf8\
\x41\xea\xf0\x5b\x78\xca\x62\x9e\x87\x73\xd1\xd4\xa1\xdb\x07\x2b\
\x17\x78\xa8\xf2\xfe\xa1\xf6\xb2\xce\xd3\xfa\x63\x66\xf2\x2d\x83\
\x63\xb1\xaa\x66\x61\x95\xdc\x89\xf1\xdd\xa9\x87\xd9\x3f\x43\xae\
\x95\x44\x12\x7f\x29\xe9\xdf\xf8\xe6\x48\x6f\x74\x69\x81\x90\xf9\
\x3a\x81\xa9\x87\x72\xc6\x6c\x67\x33\x3b\xe2\xfb\x14\xbb\xb7\x5c\
\xfa\xe1\xbb\x55\x75\x94\x1d\x4f\x49\xbd\x03\xde\x04\x2e\x05\xae\
\x02\xee\xee\xc4\x74\x42\x33\xbb\x52\xd2\xa1\xf8\x73\xbd\x92\x8d\
\xa9\x2d\xb4\x02\xfe\xfb\xba\x9b\xea\x28\xca\x38\xb2\x9b\xf0\x95\
\x46\x76\xa1\xb1\xa4\x89\x9e\x8a\xb3\x78\x19\x17\x99\x09\x5d\x6b\
\xb7\x61\x88\xa7\x93\x91\x34\xbe\xd9\xd5\xf4\x91\x8f\x17\xff\xf3\
\xa4\x95\xb2\x92\x82\xcb\xc7\x32\x86\xac\x60\x66\x4f\x25\x52\x9e\
\x7f\xa7\x78\x8e\xa4\x8d\x84\xeb\xfe\xe7\xbb\x04\x0d\x87\x80\x05\
\x57\x8e\x35\x0b\x55\xd9\x19\x92\x48\xba\x87\xfc\x3b\xa6\x95\xfc\
\xcc\xcc\x86\xdc\x03\xbc\x1e\xc9\xc3\xfd\x5e\xfa\x17\x91\xf6\x00\
\xdb\x5a\xce\x86\x7c\x19\xa2\x08\x03\x71\x44\x22\x5f\x1c\x69\x02\
\x3a\x51\xb3\xcd\x32\x37\x5b\x48\x6c\x3c\x02\x96\x33\x63\x36\xc4\
\x5b\xf4\x30\x61\x84\xf1\x8f\xf7\x8f\x28\xef\xb9\x92\xd4\x7c\xfd\
\x03\xff\xff\xff\x83\x99\x0d\x9a\xaa\x4a\x2b\x98\xf5\x1c\x6d\x3f\
\xc2\x23\x24\xe9\x8e\xb4\x69\x5e\xc3\xf8\xee\xd4\xc3\x03\x94\xe8\
\xda\x90\x92\x7a\x07\xf4\xf2\x1e\x2e\x79\x7c\x7e\x07\xd7\xac\x7d\
\x8c\xa4\xad\xf0\x2e\xe3\x95\x5c\x6e\x66\x69\x01\x9c\xf4\xb8\xc7\
\xa9\x4e\xb9\x3b\xd2\xcc\xce\x2a\xd3\xbe\xaa\xeb\xd6\x52\x1f\x9a\
\xe8\x29\x0d\xfb\x96\x70\x8d\x7b\xc7\x99\xad\x5b\xc2\x3c\x91\x48\
\xdb\x90\xe4\x58\x2f\x43\x5f\x71\xf3\xaa\xf8\x17\x78\x13\x5c\x76\
\xf7\x21\xea\x37\x99\xa9\xc9\xea\xa4\x3a\xaf\x35\xc6\x1b\xe3\x60\
\x61\x3a\x70\x97\xa5\x19\x24\x32\x77\x4f\x12\x16\x29\xd8\xc4\xcc\
\x6e\x2d\xd7\xa2\xf6\x45\xd2\x6c\x78\xee\x6e\x7a\x41\x7f\xac\x99\
\x9d\x92\x73\x8e\xc5\x70\x25\xb7\x22\xbf\xef\x95\xcd\xec\xf1\x02\
\xe7\x47\xda\x18\x49\xf3\xe0\xc5\xf9\x2f\x0e\x75\xa7\x00\xdc\xe9\
\x9a\x6d\x1e\x76\x16\xec\x64\xc6\xba\x24\xc2\x15\x82\xb7\x0d\xee\
\x34\x71\xfd\x47\x33\xb8\xd8\x8e\x1c\x1c\xd1\x8e\xb2\x48\xf5\x0e\
\xd8\x8a\x72\x22\x41\xef\xe1\xf7\xd9\x20\xb9\xf3\x76\x45\xd2\xff\
\xf0\x8d\xbe\x5e\x9e\x37\xb3\xa5\x07\x18\x73\x15\xae\x26\x55\xc9\
\x80\xce\x44\xa3\xd4\xec\x53\x30\x13\xce\x1e\x09\x5f\xa3\x78\x11\
\x48\x9a\x9f\x34\x38\x3e\x12\x69\x3b\x92\x10\x79\x77\xf2\xfa\x5b\
\xe5\x7b\x92\xce\x21\xd0\x21\x80\x92\xab\xfc\x61\x81\x87\x61\xc9\
\xd5\x20\x76\x86\x75\x42\x53\x87\x5e\x26\x5b\xe7\x7c\x28\xf3\x53\
\xaa\x1d\x82\xbf\x50\x4c\xb8\x61\x1b\x8a\xfd\xbe\x9f\x8a\x0e\xc1\
\xd0\xc2\xcc\xde\x4e\x14\xcb\xbe\x3e\xe0\xc9\x43\x00\x3b\xde\x3e\
\xc4\xbb\x7d\x5f\x0e\xa0\x73\x34\x86\x77\x98\x6e\xc7\x67\xf6\xd9\
\xe9\x28\x12\x49\xea\xde\x68\xc0\xfa\x84\x35\x7f\xac\xc7\x2f\x86\
\x9a\x43\x90\xf0\x33\xa0\xb2\x9f\xcf\x52\x92\x56\x48\x54\x2f\x6b\
\x31\x81\x6a\xa7\x20\xdd\x73\xab\x74\x6a\xfe\x87\xae\x6d\xf6\xf0\
\x04\xe9\x17\x82\xfd\x43\x27\x17\xdc\x33\x36\xf9\x62\x44\x22\xc3\
\x01\x49\x2b\x03\xbb\x14\x1c\x36\x03\x57\x42\xea\x01\xd6\xdc\xda\
\x15\x8c\x4a\xdb\x0d\xe8\xf1\x66\x3f\xd1\x29\x70\x42\x53\xa9\xae\
\x68\x13\xa9\xbb\x96\x20\xe9\x10\xe0\xab\xa9\xc3\x8f\xe1\x1a\xdb\
\x45\x84\x28\x8a\xd6\x13\xfc\xb5\xe0\xf9\x91\x0e\xc0\xcc\xde\xc1\
\x1b\x3a\x0d\x3b\xec\xb0\xce\x4d\x81\x49\x7a\x07\x6c\x44\x5f\x7d\
\x40\x48\xef\x80\x22\x0c\x55\xd1\x94\xdf\x01\x67\xd1\x5f\x4a\x7e\
\x13\x3c\x6a\x5d\x8b\x09\xb8\xa0\xcc\x84\x8a\x57\x29\x3d\x31\xea\
\x51\xd7\xcb\xfb\x00\x0e\x9d\xc3\x73\x6f\xab\x1a\x3c\xe5\xe0\x95\
\x19\xb0\x73\x4c\x5b\x88\x0c\x33\xbe\x4e\xbe\xe8\xda\x73\xb8\x9a\
\xc2\xb5\xc0\xad\x66\x36\x55\xd2\x26\xc0\x66\x1b\xc0\x73\x56\xa2\
\x53\x30\xd3\x25\xdc\x86\x3d\x89\xc3\x16\xba\xd3\x92\x56\x90\x18\
\xb2\x48\xfa\x2c\xae\xb3\x5d\xc9\xbb\x78\x61\x71\xa6\x5e\x7d\x8d\
\x79\x66\x05\x36\x2b\x78\xf9\x28\x45\x1a\x89\x0c\x32\x49\x7a\xec\
\x95\x78\x7a\x50\x48\xef\x80\xe0\x4b\xb7\xf0\x5a\x2d\x23\xe9\xa9\
\xf4\x47\x60\xef\x8a\xc3\x1b\x03\xf5\x6a\x4a\xae\x35\xb3\x85\x9b\
\x6a\x58\x06\x75\x17\x2f\x9f\x31\x9b\x3a\x8b\x37\x94\x28\x1a\x36\
\x7f\x5a\xf0\xf9\x58\x5c\x1c\x19\x86\x7c\xa9\xce\x7b\x2f\xe1\xed\
\xe7\xd7\x32\xb3\x65\xcc\xec\x20\x33\xbb\xa1\xb7\x98\xca\xcc\xfe\
\x69\x66\xc7\xf5\x94\x2b\x27\x37\x73\xb4\xa7\x38\x45\xc2\xa3\x04\
\xcf\x91\xd1\xf0\x70\x28\x92\xd4\x00\xfc\x81\xfe\x52\xb8\x06\xec\
\x63\x66\x59\xbd\x3a\xea\xb1\x31\xc5\x16\x14\xef\x30\xfc\x52\xb4\
\x22\x91\xb6\x23\x89\x06\xae\x47\x6b\x1d\x02\xf0\x7a\xbc\xa1\x4a\
\x5a\x76\xb6\x6e\xc3\xbb\x82\x11\xd9\xd2\x18\x30\x1f\x6c\x15\xb3\
\x37\x9e\x94\x3e\xf7\x01\x1c\x89\x6b\x55\xcf\x59\xe7\xf4\xe9\xc0\
\xa5\x82\xa3\xc6\x9a\xbd\x55\x96\x91\x91\x48\x27\x20\x69\x2c\xd5\
\xe1\xd5\x1e\x5c\x73\xfd\x42\xe0\x9a\x44\x43\xba\x2e\x33\xe0\xf6\
\xd1\xde\x98\x6f\xd6\x12\xcc\xfa\xcf\xea\xb0\x3e\xd2\x43\x66\x96\
\xd5\x1c\x70\x38\x51\x34\xad\xab\x97\xdf\x0e\xd6\x0d\xba\x95\x48\
\x1a\x8d\x3f\xb8\xd2\x1d\xbd\x7f\x68\x66\x7f\x08\x98\xb2\x68\xea\
\xd0\xdf\xcd\x1a\x6f\xe0\x14\x89\x44\x4a\xe1\x19\xaa\xef\x05\x95\
\xf4\xe0\x29\x85\x0f\xe0\x1b\x5e\x6f\xe3\xe2\x1b\x9b\x13\xd0\x28\
\x2f\x61\x91\xc0\x71\x9d\xc0\x8d\xc0\x14\x3c\x9d\x17\x60\x31\x49\
\x2b\x9b\x59\x96\x8a\xe1\xa0\x91\xab\x48\x64\x05\xd7\x76\x3f\xf9\
\x3e\xe9\xc2\x51\xb0\xd3\x08\xd8\xd6\x5c\x69\x65\x21\xfc\x83\xf0\
\x0c\x70\x93\xe0\xf7\x63\xcd\x9e\x6e\xa2\xbd\x91\x48\x3b\xf3\xc9\
\x8a\xbf\xf7\xe0\x0b\xac\xe3\x8b\x7e\xe9\xc7\x9b\x7d\x30\x51\xfa\
\x33\xe1\x3b\xdb\x1f\xf3\xa6\x77\xa6\xbe\x02\x18\x23\xe9\x4c\xe0\
\xd4\x4e\xed\xc8\x2b\xe9\x18\x7c\xd7\xfe\xf7\x45\x35\xab\x93\x2e\
\x9a\xe9\x6e\xbc\x79\xb9\x32\x70\x5c\xa7\x71\x3e\xbe\x3b\x58\xc9\
\x4d\xc0\xf1\x81\xf3\x6d\x5d\xf0\xfc\x98\x3a\x14\x89\xb4\x0f\xcf\
\x00\x9f\xad\xf8\xd9\xf0\x86\x9f\xff\x48\x5e\x77\x25\x9d\xac\xfb\
\x91\xa4\x0d\xfe\x1d\xaf\x45\x28\x4a\xdb\x76\x62\x6e\x14\x33\x9b\
\x26\xe9\x7a\x60\xf7\x8a\xc3\x9b\x90\x2d\x6d\x3e\x68\xd4\x94\x24\
\x8d\x44\x22\xc5\x48\x54\x87\x0e\xc5\x6f\xa6\x5f\x35\xb3\x7f\x85\
\xce\x35\x41\x5a\x5d\x7e\x03\x6e\x44\xfd\xeb\x99\xf5\xe0\xba\xf7\
\xe0\xe0\x8a\x63\xcf\x03\xc7\xe1\xd2\x66\x1d\xf3\xe5\x97\xb4\x2b\
\x5e\xac\x25\xbc\xe0\xea\x58\x33\x4b\x6b\x3f\xd7\x1b\xff\x73\xf2\
\x75\xdf\x4d\xf3\x98\x99\xad\x12\x30\xae\xa3\x90\xf4\x15\xbc\x51\
\x50\x25\xcf\x02\x9f\x30\xb3\xd7\x03\xe6\x5b\x0d\x97\xe5\xcd\x4b\
\x0f\xb0\x78\x8c\x66\xd5\x27\x29\x00\x9f\x07\xbf\xc7\x3c\x0d\x3c\
\x63\x66\x2f\x0d\xae\x55\x91\xa1\x88\xa4\x1f\x00\x87\xe0\x0b\xfc\
\xeb\x80\x1b\xf2\x7e\x3f\x25\xad\x05\xdc\x1f\x70\xd9\xdb\xcc\x6c\
\xe3\x80\x71\x1d\x81\xa4\xbd\x81\x5f\x55\x1c\xba\xc2\xcc\x76\x1b\
\x60\xcc\x08\xbc\x1b\xf8\x5a\x78\x4d\xdc\x72\x66\xb6\x47\xd3\x6c\
\xec\xa0\x75\x41\x24\xd2\xd6\x48\xba\x05\xef\x7a\x7b\x80\x95\x90\
\x3e\x37\x49\x3a\xc9\xbc\xbb\x72\x08\x33\xff\x0b\xfb\xed\xe7\xb2\
\x92\xe9\x34\xa4\xa7\x80\xd5\x3a\x25\x55\x43\xd2\x1a\xc0\x9d\x54\
\xa7\x2e\xde\x07\x9c\x01\x5c\x6d\x66\xd3\xeb\x8c\x5f\x37\x19\x1f\
\xd2\xa8\xfd\x24\x33\x0b\xdd\x29\xef\x08\x24\x7d\x0a\xb8\x8d\xfe\
\x9f\x93\x0f\x81\xf5\x43\x1b\x24\x4a\x3a\x0a\x38\xad\xc0\x90\xbb\
\xcc\x2c\xdd\xf5\x33\x52\x41\x92\xde\xf5\x2a\x7d\xe9\x07\xbd\x4c\
\xc3\x9b\x8d\x3e\x9d\xf1\x7a\xb2\x48\x71\x78\xa4\xbd\x48\xfe\xcf\
\x97\xc7\xfb\xe0\xbc\x6a\x66\xff\x69\xe1\xb5\x17\x04\xde\x09\x7d\
\x4e\x48\x7a\x0e\x58\xaa\xe0\xb0\x6e\x33\x1b\xa8\xf1\x5b\xc7\x22\
\x69\x09\xfc\xbb\xda\xcb\x64\x60\xb1\x5a\x1b\x74\x92\x56\x05\xfe\
\x4b\xf5\xb3\x6f\x89\x66\x6d\x06\x94\xad\x31\x1b\x89\x0c\x67\xbe\
\x57\xe6\x4d\x7b\x2c\x9c\x30\xd1\x9b\xa3\x15\x6d\xf8\x63\x82\x43\
\xf7\x83\x2f\x92\x5d\x97\x70\x58\x07\x39\x04\xf3\x02\x57\x93\x5d\
\xcb\x34\x1e\xf8\x3d\xf0\x9a\xa4\xdf\xe2\xbb\x59\x77\xf6\x86\xb4\
\x25\x8d\x02\x76\xc0\xd3\x62\x42\x1c\x02\x92\xf9\x87\x2c\x92\x16\
\xc1\x0b\x8b\xd3\x9f\x93\x03\x1b\xec\x98\x5e\xb4\x9e\x20\xa6\x0e\
\x0d\xcc\x86\x54\x3b\x04\xe0\x45\xe1\xcb\x25\xaf\x2a\x24\xbd\x45\
\xb5\xb3\xf0\x32\x9e\x07\xfe\xf0\x50\xe8\x1a\xdb\xc9\x24\x4d\x02\
\x97\x4d\xbd\x96\x07\x56\x4b\xfe\x3e\x3a\x39\xf5\x78\xa0\x65\x4e\
\x41\x48\x84\x30\xc5\x3d\x14\x77\x0a\x96\x94\x34\x2a\x4f\xed\x5d\
\x27\x62\x66\x2f\x4a\x7a\x18\xff\xbf\x05\xaf\xa1\xa8\x17\x55\x7d\
\x1a\x98\x2d\xe3\xf8\x9a\xf8\xf7\xb7\x74\xa2\x53\x10\x89\x94\x44\
\xe9\xbb\x38\x66\x3d\xe3\xa4\xdd\x26\xc0\xa8\xb8\x09\x95\x00\x00\
\x20\x00\x49\x44\x41\x54\x33\xf2\x42\xff\x3c\xa9\x44\xef\x02\xfb\
\x8c\x35\xfb\x03\x7e\xf3\x59\x86\xfe\x32\x9c\xb7\x98\xd9\x35\xe9\
\x41\x92\x56\x04\x5e\x32\x6b\xbb\x2e\x9b\xef\x01\x3f\x00\x8e\xc5\
\x1d\xa4\x2c\x16\xc2\xc3\xdc\x87\x00\x33\x24\xbd\x06\x4c\x4d\x8e\
\x37\xa2\x9e\x31\xc1\xcc\x1e\x69\x60\x7c\x5b\x93\x38\x4d\x57\x00\
\x4b\xa6\xde\x3a\xd7\xcc\x7e\xd5\xc0\xbc\xf3\x00\x45\x77\xfd\xaf\
\x0d\xbd\xde\x30\x62\xdb\xc0\x71\xf3\xe1\x0e\x74\xba\x11\x1d\x50\
\xd3\x69\xe8\x7d\x3d\xd3\x49\x69\x86\xed\x88\xa4\x85\xf1\xef\xd8\
\x92\xf8\xfd\x78\xa9\x8a\xbf\x2f\x4b\xfd\x62\xde\x4a\xde\x69\x8a\
\x81\xcd\xa3\x9e\x06\x7f\x2d\x46\x01\x8b\x33\xb4\xfb\xea\xdc\x44\
\x9f\x53\x00\xae\xd2\x96\xe9\x14\x98\xd9\x47\x92\x9e\xc0\x23\x45\
\x95\xac\x89\x77\x09\x2f\x9d\xe8\x14\x44\x22\xed\x8c\x59\xcf\x9a\
\x70\xf4\x03\xd2\xef\x46\xc0\x49\xc0\x96\xf4\xed\x1c\x55\xf2\x3e\
\xf0\xcb\xe9\x70\xea\x78\xb3\x97\x7d\xa8\xdd\x22\x69\x1d\x60\x4f\
\x3c\x95\x63\x61\xe0\xdb\xe9\x81\x92\x46\xe2\xbb\xc5\x0b\x4a\x3a\
\x11\xf8\x65\xbb\x34\xea\x4a\x76\x8c\x2e\x97\xf4\x1b\x7c\xf7\xf9\
\x04\xea\xf7\x4d\x19\x45\xfe\x87\xec\x40\x0c\xe9\x28\x01\x70\x26\
\xd5\xc5\x80\xff\x22\xe3\x33\x52\x90\x5a\x9f\xd1\x5a\xbc\x88\xd7\
\x89\x44\x2a\x90\xb4\x00\xb0\x28\xf0\x68\xf2\x7d\x2c\x5a\xb8\x9d\
\x97\x7a\x4e\xc3\xfb\x92\x3e\xae\x5f\x48\xff\x69\x66\x1f\x34\xc9\
\xa6\x8e\x20\x49\xb1\x59\x14\x5f\xe0\xf7\x2e\xfc\x97\xa6\x6f\xe1\
\xbf\x14\xd9\x3b\xbd\x21\xbc\x5b\xd2\x3c\xad\x22\x54\x74\xa6\x8b\
\xa1\xed\x14\xdc\x08\xfc\x5f\xc5\xcf\x1b\xe3\xd1\xec\x5a\x4c\x20\
\xdb\x29\x68\x0a\xd1\x29\x88\x44\x3a\x80\xb5\xcc\x1e\x00\xb6\x7b\
\x58\x9a\x7f\x26\x6c\xd8\xe3\xe1\xe5\xd9\x81\x29\x06\x93\x66\x81\
\x3b\x56\xcb\x48\x09\x4a\x54\x7a\x2e\x93\xf4\x27\xe0\x73\x66\xf6\
\xbf\x8c\xe9\xf7\x01\xc6\x25\x7f\xbf\x10\xd8\x4f\xd2\xe1\x66\xd6\
\x36\x9a\xf1\xc9\xbf\xe3\x1a\x49\xd7\xe1\xad\xdf\x4f\x02\x56\x6e\
\xe6\x25\x19\xc2\x0d\xcb\x24\xed\x81\x47\x56\x2a\x79\x11\xd8\xa5\
\x5e\x7d\x46\x4e\x8a\xee\x68\x5f\x17\x77\xa3\xfb\x90\x34\x07\x2e\
\x06\x70\x18\x9e\xd6\xf5\xba\xa4\xb3\xf1\xe8\xcb\x42\xf8\xee\xf2\
\x72\xc0\x4a\xf8\x77\x60\x65\x7c\x51\xda\x88\x28\x41\x2d\xe6\x00\
\xd6\x48\x5e\x59\xb6\xbe\x82\x3b\x09\x59\x8e\xc3\x0b\xed\xb2\xb9\
\x50\x94\x44\x41\x67\x01\x7c\x83\x61\xf1\xe4\xcf\xe5\x2a\xfe\xbe\
\x38\xbe\xe0\x6f\xa5\x8e\x7f\xa7\x39\x05\xcf\x04\x8e\xeb\xc2\x37\
\x27\x86\x2a\xb7\xe1\xf2\xfd\xa3\x71\x31\x91\x7b\x07\x38\x7f\x02\
\xb0\x1b\x1e\xfd\x7e\x08\x97\x80\xbd\xa5\x59\xc6\xc5\x42\xe3\x48\
\x64\x18\x23\x69\x6e\xe0\x71\xaa\xf5\xa1\xdf\x06\x96\x36\xb3\xb6\
\x0c\x59\x27\x8a\x0c\x3b\xe2\x11\x90\x66\x14\xa6\x0d\xd9\xc2\x57\
\x49\x6b\x02\x77\xe0\x4e\x65\x2f\xd3\x80\x8d\xcc\xec\xae\x06\xe7\
\x1e\x09\xbc\x02\x2c\x58\x60\xd8\xf6\x66\xf6\xd7\x46\xae\x3b\x54\
\x90\xb4\x1d\x70\x1e\xbe\xdb\x9c\x66\x32\x1e\x29\xfb\x45\x3a\xe7\
\x3a\x71\x24\x3e\x81\x4b\x48\x6e\x8a\x4b\x1d\x86\xd6\xd1\x94\xc5\
\x74\x5c\xc1\xaa\xd2\x51\xa8\x8c\x32\xbc\xd1\x2a\x43\x92\x54\xb9\
\xb5\xf0\x9a\x8c\xb9\x2b\x5e\x0b\xe0\x11\xd4\x45\x71\x87\x6b\x21\
\x7c\xd1\xdf\xea\xa6\x5d\x95\x7c\x80\x37\x9c\x7c\x01\xcf\x1b\x7f\
\x0e\x77\xd8\xaf\xed\x24\xa5\xa9\xa4\x83\xfc\xa3\x01\x43\xbf\x6f\
\x66\x3f\x28\xdb\x9e\x76\x42\xd2\x0e\xc0\x7d\x96\xa3\xc1\x6f\xd2\
\x50\x72\x5e\xe0\xf1\x56\x38\xd9\xd1\x29\x88\x44\x86\x31\x92\x4e\
\x05\x8e\xce\x78\xeb\x68\x33\x3b\xbd\xd5\xf6\x14\x25\x29\xd2\x3b\
\x08\xf8\x0e\xfe\x80\x2f\x8b\x23\xcc\xec\xec\x12\xe7\x6b\x0b\x24\
\xcd\x87\x17\x00\xa6\x9b\xec\x1d\x60\x66\x3f\x2f\x61\xfe\xf5\x80\
\x7f\x17\x18\xf2\x21\xb0\x40\x4c\x43\xd1\x62\xb8\x83\xbb\x57\x8e\
\xd3\x1f\xc3\x45\x0d\xd2\x1d\x52\x2b\xe7\x5b\x02\x38\x1c\x97\x48\
\x6e\x46\x04\xa1\x0c\x7a\x7b\x1c\x3d\x83\x2f\x1e\x27\xe1\x3b\xa1\
\x8f\x96\x2d\x84\x20\x69\x71\x7c\x61\xdd\x4e\x74\x03\xff\xc3\x77\
\x7e\x9f\x22\x71\x98\x86\x8a\x2c\x6f\x72\x6f\xfe\x00\x97\x91\x2e\
\xc2\x2f\xcd\xec\xeb\x4d\x30\x29\x92\x83\xe8\x14\x44\x22\xc3\x98\
\x44\xff\xff\x0c\xfa\xab\x44\x3c\x83\x4b\x96\x7e\x98\x3a\x77\x5e\
\xe0\xdd\x76\x4c\x09\x48\x8a\x5b\x8f\xc1\x53\x62\xc6\x94\x30\xe5\
\x72\x66\x16\x1a\xfe\x6e\x4b\x92\x5d\xfc\xeb\x80\x2d\x52\x6f\x5d\
\x6c\x66\xfb\x96\x74\x8d\x93\xf1\xa2\xf0\xbc\xdc\x60\x66\xcd\xca\
\x95\x6f\x7b\x92\xff\x93\x83\xf1\x62\xfa\xca\xdd\xe9\xb7\xf1\x7e\
\x04\xf5\xb8\x15\x38\xb2\x9e\x4a\x94\xa4\x1d\xf1\x7a\xa1\x4e\x62\
\x1a\x70\x37\x9e\x22\x71\x33\x1e\xb5\x6b\x28\xa5\xad\x81\x5d\xeb\
\x32\x79\x13\x2f\xa8\xff\x0b\xae\xc7\xdf\xb2\x48\xc9\x60\x21\xe9\
\x25\x8a\xd7\x78\xdd\x6c\x66\x9b\x37\xc3\x9e\x3c\x48\x5a\x06\xaf\
\x5f\x7b\xdb\xcc\x7e\x33\x58\x76\x0c\x16\xd1\x29\x88\x44\x86\x39\
\x92\xc6\xe0\x85\x4f\xdf\xc5\x17\x26\x3b\x9b\x59\xd5\x42\x42\xd2\
\x1f\x70\xd5\x84\x23\x8b\x34\x0e\x6b\x25\x92\x96\xc4\x7b\x3b\xec\
\x4b\x78\xfa\xc4\x9b\x66\x56\x66\xd4\xa1\x2d\x90\x74\x0a\xee\x38\
\x55\x72\x3f\xb0\x5e\x59\xb2\x94\x92\x26\x02\x63\x0b\x0c\x39\xc8\
\xcc\x2e\x28\xe3\xda\x9d\x46\xd2\xe0\xe9\x42\xfa\x77\x42\x9f\x8a\
\x17\x80\xaf\x8f\xa7\x00\x0d\x84\xe1\x8b\xfe\xa3\x6b\x39\xb1\x89\
\x7a\xc9\x0a\x81\x66\xbe\x88\xd7\xd6\x3c\x8d\xa7\x03\x8d\xc2\x53\
\x0d\x7b\x55\x74\x96\x4d\xfe\x6c\x66\x7d\xe2\x9b\x78\x77\xf8\xdf\
\x00\xff\x0e\xa9\x3f\x91\xf4\x09\x3c\x42\x36\x18\xbc\x09\x9c\x8e\
\xab\x7a\x75\x64\x37\xf9\x50\x24\xdd\x09\x7c\xba\xe0\xb0\xa7\xcc\
\x2c\xf4\xf3\x1a\x4c\xa2\x12\x75\x13\x7d\xf7\xaf\xdf\x9b\xd9\x97\
\x5b\x6d\xc7\x60\x13\x9d\x82\x48\x24\x02\x7c\x1c\x62\xff\x1a\xf0\
\xc3\xf4\x83\x57\xd2\x06\xf4\x2f\xfe\xba\x06\xf8\xb6\x99\xb5\x55\
\x8b\xf6\x5e\x92\x05\xd7\x19\x40\xc8\x8e\xd3\xa0\x3c\x94\x9a\x89\
\xa4\xed\x81\x3f\xd1\x3f\x94\xff\x06\xde\xb1\xb8\xbb\xa4\x6b\x2c\
\x45\x71\xd5\x90\x65\xcb\xba\x7e\xa7\x20\x69\x76\xe0\xfb\xb8\xcc\
\x70\xa5\xe3\x7a\x2b\x70\x20\x5e\xf8\x5f\x54\x01\x6a\x1a\xf0\x33\
\xe0\x78\x33\x9b\x92\xba\xde\x1d\x14\x97\x88\x05\x97\x3c\xdc\x69\
\xa0\xd4\xae\x24\x5f\x7f\x69\xfa\x0a\xa0\x97\x4d\xfd\x7d\xa1\x80\
\x6b\xd7\xe2\x69\xe0\x6c\xe0\x92\x22\x29\x67\x92\x36\xa1\x76\x71\
\xe6\x3b\x78\xd3\x49\x80\x99\x78\x01\xe8\x12\x14\x53\xd0\xaa\xc5\
\xf3\x78\xad\xce\x90\x8a\x3a\xe6\x45\xd2\xef\xf0\x22\xd9\x22\x4c\
\x03\xc6\x24\xe2\x12\x2d\x23\xf9\x5e\x56\x4a\x72\xdf\x69\x66\x9f\
\x6d\xa5\x0d\x79\x90\xb4\x10\xae\x3e\xb4\xa0\x99\x95\xae\x90\x17\
\x9d\x82\x48\x24\x52\x97\xa4\xa8\xf7\x6e\xbc\x90\xb1\x92\x8f\xf0\
\x34\x9b\x86\x8b\xdf\x24\x75\x35\x63\x71\x28\x69\x2b\x3c\x57\xbb\
\xc8\xee\xf5\x47\xc0\xbc\x43\x65\x57\x2f\x49\x9d\xb8\x9b\xfe\xe9\
\x28\x33\x81\xad\xcd\xec\x1f\x25\x5e\xe7\x9b\xd4\x97\xd6\x4b\x33\
\xc9\xcc\xc6\x0d\x7c\xda\xd0\x41\xd2\x17\x80\x9f\xd0\xbf\x90\x78\
\x32\x70\x14\x70\x39\xde\x70\xf0\x8f\x14\xcf\xc3\xee\xa5\x77\x57\
\xfa\x47\x66\xf6\x51\x72\xcd\x97\xf1\x42\xda\x22\x4c\x01\x56\x2c\
\xa1\x81\x15\x92\xe6\xa2\xba\x29\xd7\xb8\xe4\xcf\x39\x02\xa7\x7d\
\x0d\x38\x17\x38\x3b\x4f\x94\x4b\xd2\x58\x60\x77\xfa\x0a\x77\x5f\
\x4e\x5e\xaf\x65\x7d\xcf\x93\x7b\xde\x5a\x78\x3a\xe2\x57\x02\x6d\
\x04\xd8\xb0\x9d\x54\xdc\x5a\x4d\x9d\x9a\xb5\x81\x58\xd2\xcc\x5a\
\x5e\x03\x22\x69\x0a\x7d\xf7\xc9\x97\xcd\x6c\xf1\x56\xdb\x90\x45\
\x22\x2d\x7e\x32\xee\x0c\xf4\xa6\x63\x4d\x01\xe6\x2f\x5d\xb9\xcd\
\xcc\xe2\x2b\xbe\xe2\x2b\xbe\x6a\xbe\x80\xbd\xf1\x34\x85\xf4\xeb\
\x92\x92\xe6\xdf\x10\xf8\x4d\x13\xed\x1f\x89\xa7\x13\xbd\x50\xe3\
\xdf\x91\xf5\x3a\x70\xb0\x7f\xef\x25\xfd\xdb\xe7\xc2\x8b\x37\xd3\
\xff\xbe\xc3\x9b\x70\xad\xeb\x0a\xfc\x7e\x0d\x8f\x48\x0d\xfa\xef\
\xa8\x45\xff\x0f\x8b\xe3\x29\x30\x95\xff\xfe\x1e\xe0\x32\x7c\xc7\
\x0f\xbc\x39\xdf\xdb\x05\x7f\x87\xb5\x5e\x8f\xe3\x9d\xd0\xbb\x02\
\xc7\x9f\xdf\x82\xdf\xc9\x08\x60\x45\x60\x3f\x3c\x05\x6a\x4a\x80\
\x9d\xdd\x78\xba\x63\x33\xed\xfc\x55\xe0\xef\x70\xd2\x60\x7f\xee\
\x06\xfb\x85\x47\xbe\x42\x7e\x77\xeb\x0d\x92\xbd\x95\xf7\xca\x1e\
\x60\xb6\xc1\xfe\x1d\x26\x76\xad\x59\xe3\xf7\xb4\x4c\xd9\xd7\x6a\
\x57\x55\x82\x48\x24\xd2\x3e\xcc\x42\x75\x37\xcd\xf7\x71\x2d\xf5\
\x7e\x24\x85\x93\xb9\x91\x24\xe0\x54\x60\xab\x24\x0d\xa1\x74\xcc\
\x6c\xa6\x99\xfd\x12\xd7\x75\x3f\x01\x57\xc4\x18\x88\x53\x25\x65\
\x6a\xb3\x77\x0a\xc9\xef\xf6\x12\xfa\x77\xcf\x04\xb8\x1a\x38\xa7\
\xe4\x6b\x8d\xc1\x9b\xf0\x14\xe1\xba\x32\x6d\x68\x47\x24\x8d\x90\
\xb4\x3f\x5e\xe4\xba\x53\xc5\x5b\x8f\x03\x9b\x99\xd9\x57\xcc\xec\
\xf5\xa4\x88\xff\x1a\x5c\x26\xb3\x0c\x56\x04\xae\x24\x5c\xcf\xfc\
\xd2\x92\xec\xa8\x89\x99\xf5\x98\xd9\x13\x66\x76\x91\x99\xed\x84\
\xcb\xd8\x7e\x1e\xff\x7c\xce\xa8\x3f\xfa\x63\x96\x01\xae\x94\x74\
\xbd\xa4\xb4\xac\x72\x59\xfc\x2c\x70\xdc\x40\xfa\xf3\xc3\x81\xd0\
\xb4\xa9\xae\x32\x8d\x28\x40\x65\xd4\x5b\x64\x4b\x03\x0f\x06\x8f\
\xe0\x69\x55\x69\x4a\x6f\x62\x16\x9d\x82\x48\x24\x52\x17\x33\xbb\
\x08\xcf\x0f\xfe\x31\x7d\x0f\xeb\xd3\x2d\x3b\xbc\x7b\x82\xa4\x9b\
\x13\x2d\xfc\x3c\xec\x82\xe7\x3b\xcf\x07\xac\xd7\xb0\xb1\x75\x30\
\xb3\x0f\xcc\xec\x44\x7c\x91\x3c\x90\x22\xcb\xdc\xc0\x3f\x24\x7d\
\xaa\x99\x36\x35\x99\xe3\xf0\x5e\x0e\x95\x4c\x02\xbe\x62\xc9\xf6\
\x53\x89\x6c\x4e\xff\xbe\x07\x03\xf1\x26\xd0\x50\x4f\x84\x76\x47\
\xd2\xda\xc0\x9d\x78\x31\x71\xaf\xb2\xd0\x54\xe0\x44\x60\xac\x99\
\xfd\x33\x39\x6f\x04\xf0\x6b\xc2\x8b\x81\xeb\x11\xd2\xc3\xe3\x51\
\x33\xfb\x6f\xe9\x96\x0c\x80\x99\xcd\x30\xb3\x1b\xcd\x6c\x47\x7c\
\x51\x78\x0e\x5e\xdc\x9c\x87\xad\x80\x09\x92\xb6\x6c\x82\x69\x4f\
\x05\x8e\x1b\x50\x83\x7e\x18\x10\xfa\x3b\x58\xa6\x54\x2b\xf2\x33\
\x25\xf5\x73\xd7\x60\x18\x91\xc6\x5c\xa2\xf7\x91\x8c\xb7\xa2\x53\
\x10\x89\x44\x5a\x8f\x99\xbd\x61\x66\x87\x00\xeb\xe0\x2a\x20\x67\
\xa6\xcf\x49\x0a\x4d\x0f\xc7\x9b\x27\xdd\x27\xe9\xc2\x44\xd1\xa1\
\x1e\x47\x56\xfc\xfd\x0b\x65\xd9\x5b\x0f\x33\x7b\xd6\xcc\x76\xc6\
\x17\xb2\x0f\xd5\x39\x75\x31\xe0\x56\x49\xdf\x4c\x76\xdd\x3b\x06\
\x49\x9f\x03\x8e\x4f\x1d\x9e\x02\xec\x60\x66\xef\x67\x0c\x69\x94\
\x6d\x0a\x9e\x7f\xbd\xb5\xa1\xb4\x6d\x19\x48\x9a\x23\xc9\xa5\xbe\
\x87\xfe\xca\x42\xff\x04\xd6\x36\xb3\x13\xac\xbf\x0e\xff\x09\x14\
\xff\xfd\x35\x93\x3f\x0d\xb6\x01\x66\xf6\xa2\x99\x1d\x8e\xd7\x1e\
\xdc\x94\x73\xd8\x22\xc0\x75\x92\x0e\x2d\xd9\x9c\xd0\x1e\x1a\x9d\
\xd6\x81\xb8\x19\x74\xe3\x69\x2e\x45\x19\x2c\xa7\xe0\xa3\xd4\xcf\
\x5d\x83\x61\x44\x0d\x26\x54\xfc\xbd\x07\x78\x82\xf0\xcf\x66\x4d\
\xa2\x53\x10\x89\x44\x72\x63\x66\x93\xcc\x6c\x4f\xcb\x56\xfe\x38\
\x85\xbe\xdd\xe2\x91\xc0\xfe\xc0\x13\x92\x56\xcd\x9a\x2b\x89\x26\
\x54\x16\x2f\xef\x95\x34\xbc\x69\x09\x66\x76\x33\x5e\x4c\x78\x18\
\xd5\x3b\x44\xbd\xcc\x86\x17\xcf\xde\x22\xa9\x23\x14\x89\x24\x2d\
\x8f\xcb\x48\x56\xa6\x72\xf5\x00\x7b\x9a\xd9\x93\x4d\xba\x6c\xd1\
\x5e\x03\x43\x32\x75\x28\xe9\x54\xfa\x18\x5e\x5c\xd9\xfb\xfb\x7f\
\x05\xf8\xb2\x99\x6d\x6a\x29\xb5\xae\xa4\x83\x71\x55\x1a\x5e\x41\
\xde\xc1\x55\x79\xde\x6b\x70\x9e\x5e\xda\xa6\xbb\xb4\x99\x3d\x8a\
\xa7\x14\xfd\x3f\xf2\x2d\x2e\x47\x00\xe7\x48\x3a\xb3\x44\x47\x3e\
\xb4\xef\x49\x5b\x76\x83\x6f\x25\xe6\x45\xe0\xaf\x05\x0c\xed\x2a\
\xd9\x94\xbc\xa4\x9d\x82\xc1\x72\x4e\xb2\xb8\x1c\xf8\x06\x1e\x59\
\x9f\xc7\xcc\x56\x32\xb3\xb3\xca\xbe\x48\x74\x0a\x22\x91\x48\xc3\
\x24\x69\x36\xbb\x67\xbc\xf5\x08\xb5\x9b\x06\xa5\x55\x3d\x16\x06\
\xf6\x2c\xd3\xae\x81\x48\x52\x16\x7e\x84\xab\xa2\xfc\x18\x57\xe5\
\xc9\x62\x63\xe0\x61\x49\xe7\x4a\x2a\x2b\xef\xbb\x74\x24\xcd\x81\
\xe7\x64\xcf\x97\x7a\xeb\x44\x33\x6b\xca\x42\x3c\x71\xee\x96\x1a\
\xf0\xc4\x3e\x66\x00\x7f\x6f\x86\x2d\x83\x85\xa4\xa5\x25\xfd\x15\
\x57\x0e\x5a\x22\x39\xdc\x83\xe7\xa3\xaf\x6a\x19\xd2\x81\x89\x2a\
\xd4\xe5\x84\x2b\x0d\x3d\x8a\x47\xbb\xe6\x37\xb3\xe5\xcd\x6c\x2e\
\x60\x3c\x1e\x79\x78\x3a\x70\xce\xc9\x40\xcb\x53\x87\xea\x61\xce\
\xf7\x70\xb9\xe4\xbc\xbb\xce\x47\x90\x11\xcd\x0c\x24\x54\x21\x69\
\xd8\x3b\x05\x09\xdd\x01\x63\xba\x4a\xb6\x21\x2f\x69\x25\xaa\xae\
\xc1\x30\x22\x0b\x33\xbb\xc9\xcc\x2e\x34\xb3\xbb\xcc\xac\xac\x0d\
\x80\x2a\xa2\x53\x10\x89\x44\xca\x60\x3c\xd5\xc5\x81\xbd\x2a\x37\
\xb5\x1e\xe4\x59\x3d\x04\xbe\x9f\x14\xad\xb6\x14\x33\x7b\x33\x49\
\x8f\xfa\x0c\xb5\x17\x45\xa3\xf1\x26\x6f\x8f\x48\xfa\x6a\x92\x0b\
\xde\x6e\xfc\x02\x4f\xb9\xa8\xe4\x1a\x7c\xa7\xb5\x59\x14\x4d\x7d\
\xf9\x8f\x99\xbd\xd5\x14\x4b\x5a\x8c\xa4\x51\x92\x8e\x00\x1e\xa6\
\x7f\xfa\xdb\x44\x60\x7d\x33\x3b\xd0\x52\x7d\x03\x92\x71\x73\xe1\
\x69\x3a\xa1\x0e\xe6\x1d\xc0\xa7\xcc\xec\xe6\xca\x34\x2c\x33\xfb\
\x5f\x52\x37\xb3\x0a\xb5\xa3\x5f\xf5\xb8\xc6\x5a\xac\x0f\x9f\x17\
\x33\xbb\x94\x62\x51\x95\xc3\x25\x15\xed\xf7\x90\x45\xe8\xff\xd1\
\xdb\x25\x5c\x7b\x28\xd0\x1d\x30\x66\xe9\x41\x4a\xd9\x4c\xd7\x45\
\xb5\x53\xa4\xa0\x25\xb4\xe3\x43\x2d\x12\x89\x74\x18\xe6\x5d\x69\
\xd7\xc0\x17\xa0\xbd\x5c\x61\x66\x77\xa4\xcf\x95\xb4\xab\xa4\xcb\
\x92\xf3\xd3\xf4\xd6\x25\x0c\x0a\x66\x76\x0f\xee\x18\xec\x83\xef\
\x9a\x66\xb1\x38\xae\xea\x73\xaf\xa4\xae\xd6\x58\x36\x30\x92\x0e\
\xa7\xba\x51\xd0\x13\x78\x61\x71\x33\x17\x7a\x45\x9d\x82\x21\x91\
\x3a\x24\xe9\x93\x78\xdd\xc0\x99\xf4\xed\x26\x7f\x80\xa7\x0e\x7d\
\xc2\xcc\xee\xac\x31\x4e\xb8\xba\x4f\x66\x5a\x5d\x0e\x1e\xc5\x7b\
\x4c\xd4\xdb\x89\x5e\x07\x98\x37\x60\xee\x6b\x06\x3e\x65\xf0\x30\
\xb3\x1f\x52\xec\xf3\x73\x5a\xd2\xab\xa4\x11\xe6\x19\xf8\x94\x4c\
\xa2\x53\xe0\x74\x07\x8c\x99\x8d\xe2\xbd\x35\xca\x60\xc1\xd4\xcf\
\x5d\x83\x60\xc3\xa0\x12\x9d\x82\x48\x24\x52\x0a\x66\xf6\xb8\x99\
\x6d\x87\x47\x00\xfe\x0b\x1c\x93\x3e\x27\x89\x02\x9c\x06\xec\x45\
\xed\xfb\xcf\xd1\x92\x06\xe3\x81\x00\x7c\x2c\x95\x78\x09\x9e\x52\
\x74\x22\xd9\x52\x70\xe0\x1d\x81\x9f\x6f\x99\x61\x75\x48\x3a\xb6\
\x9e\x96\x3a\xfc\x1e\xf0\xa5\xac\x9d\xea\x12\xaf\xbb\x20\x50\x54\
\xa1\xa9\xa3\x9d\x02\x49\xf3\x48\x3a\x0f\x57\x16\x5a\xab\xe2\xad\
\xeb\x81\x35\xcc\xec\x74\x33\xab\xa7\x9a\xf3\x1d\xe0\x4b\x81\x97\
\x9f\x02\x6c\x6f\x66\x03\x2d\x38\xb7\x0f\x98\x7b\x2a\xf9\x8b\x7a\
\x07\x93\x43\xa8\xce\xfd\xae\x85\x80\x4b\x25\x2d\x36\xe0\x99\xb5\
\x09\x8d\x14\xc4\xf4\x21\xa7\x93\x14\x88\x56\x4c\xfd\xbc\x98\xa4\
\x59\x07\xc1\x8e\x5c\x48\x1a\x93\x08\x7c\x94\x46\x74\x0a\x22\x91\
\x48\xa9\x24\x29\x0d\x9f\x32\xb3\xac\x87\xc1\x61\x0c\x7c\xb3\x9f\
\x8b\xe6\xa6\xbb\xe4\xc2\xcc\xde\x37\xb3\x13\xf0\x6e\xc8\x37\xa4\
\xde\x7e\x16\x2f\x1e\x1d\x74\x05\x9d\xe4\xa1\x70\x05\x50\xd9\xe7\
\xc1\x80\x7d\xcd\xac\x9e\xba\x52\x19\x6c\x4d\xff\x82\xe6\x81\x78\
\xda\xcc\x1e\x6e\x96\x31\xcd\x26\xe9\x48\x3c\x09\x38\x98\xbe\xe7\
\xe7\x2b\xc0\xde\x66\xb6\x8d\x99\xd5\xd5\x65\x4f\x54\xa1\x4e\x0a\
\xbc\x7c\x0f\xb0\x97\x99\x3d\x9e\xe3\xdc\x10\x25\xaf\x9b\x6a\x08\
\x08\xb4\x15\x66\xf6\x14\xf0\xbb\x02\x43\x16\x02\x7e\xda\xc0\x25\
\x63\xa4\xa0\x31\xba\x03\xc7\x75\x95\x68\xc3\x80\x48\x9a\x07\xdf\
\x08\xaa\x64\x04\xed\xd3\xab\x00\x49\xab\x48\x3a\x46\xd2\xef\x25\
\x3d\x8c\x2b\x5c\x5d\x51\xe6\x35\xa2\x53\x10\x89\x44\x5a\x42\xd2\
\x5c\x28\x6f\xcb\xfb\x7d\x24\x6d\xd1\x4c\x7b\xf2\x92\x44\x40\xb6\
\x06\xb6\xc3\x9b\xf1\x7c\x08\xec\x68\x66\xaf\x0f\xae\x65\x90\xa8\
\x35\xfd\x11\x5f\xf8\x54\x72\xa6\x99\x5d\xd9\x02\x13\x8a\xaa\x0e\
\x5d\xdb\x14\x2b\x9a\x8c\xa4\x2e\x49\xd7\xe2\xca\x3c\xbd\x3b\x73\
\x3d\xb8\x32\xd5\x2a\x66\x76\x59\x8e\x39\xb2\x54\xa1\x8a\x70\x92\
\x99\x0d\xf8\xfb\x93\xb4\x1c\xd9\xa9\x79\x03\xd1\x36\xaa\x43\x39\
\xb8\xa4\xe0\xf9\xdb\x27\x0e\x59\x08\xa1\x4e\x41\x8c\x14\x38\xdd\
\x81\xe3\x5a\x1d\x29\xf8\x1c\xfd\x37\x56\x06\xcb\x8e\x7a\xac\x85\
\xab\xfc\xed\x8a\xa7\x1f\x8e\x04\xc6\x95\x59\xdf\x16\x9d\x82\x48\
\x24\xd2\x2a\xbe\x44\x5f\x13\xa7\x81\x10\xf0\x4b\x49\xf3\x37\xd1\
\x9e\x42\x98\xd9\x35\xc0\xea\xc0\x46\x66\x76\xdf\x60\xdb\x93\xf0\
\x13\x60\xdd\xd4\xb1\x5b\x80\x63\x9b\x7d\xe1\xa4\x03\x75\x51\xc7\
\xad\xa3\x9c\x82\xa4\x90\xf8\x10\x3c\x3a\x50\x59\x3b\x31\x11\x58\
\xcf\xcc\x0e\xce\x91\xca\xd3\x9b\x36\x77\x25\xd5\xaa\x50\x79\xb9\
\x06\xf8\x41\xce\x73\x43\xa2\x04\x3d\x74\x56\x5a\xd7\xbf\x29\xbe\
\x13\x7f\x7a\x60\xf1\x6a\x48\xfa\x50\x0f\xe5\x49\xc4\x76\x3a\x9d\
\x92\x3e\xb4\x5f\x8d\xe3\x5d\xad\x34\x62\x00\x26\x66\x1c\x9b\x03\
\x6f\x2e\x5a\x0a\x59\x5e\x51\x24\x12\x89\x34\x83\x9b\xf0\x1c\xfc\
\xbc\xe1\xd8\x25\xf0\x6e\xb0\x3b\xd7\x3a\xe1\x2a\x69\xe4\xca\xde\
\xeb\xe0\xd3\xf8\x82\xcb\x0c\x9e\x1e\x0d\x77\xae\xd6\x04\x4d\xfe\
\x44\x77\xbb\x2d\x24\x1b\x25\x1d\x08\xec\x9b\x3a\xfc\x1c\xb0\x9b\
\x99\xa5\x95\xa0\x9a\xc1\x06\x14\x2b\x66\x7d\x0f\xf8\x57\x93\x6c\
\x29\x1d\x49\xeb\xe0\x9f\xbf\xca\x5e\x1a\x1f\x00\x67\x00\x3f\x4c\
\x35\x20\x1b\x88\x8b\xf1\xe2\xdf\x10\x1e\xc7\xd3\x86\xf2\x16\x8b\
\x6f\x17\x70\x8d\x7b\xcc\xec\xe5\x80\x71\x83\x82\x99\xf5\x48\xba\
\x17\xd8\xac\xc0\xb0\xb5\xf0\x7a\xa7\x1b\x0b\x5e\x2e\xc4\x29\x78\
\xb7\x5d\x55\x9c\x5a\x8d\x99\xbd\x2f\xe9\x35\xaa\xa3\x99\x03\xd1\
\xd5\x04\x73\x32\x91\xb4\x01\x1e\x29\xc8\xa2\x9d\x22\x05\x8f\xe1\
\xb5\x3f\x69\x85\xbe\x35\x81\x52\x9e\x77\xd1\x29\x88\x44\x22\x4d\
\x47\xd2\xb2\x78\x47\xd7\x25\x0b\x0e\xdd\x49\xd2\x6f\x70\x05\x9d\
\x8f\xf3\xf7\xef\x96\xe6\x1e\x03\xdf\x5a\xd9\x8b\x0e\xfb\x3d\x6c\
\x84\x6b\xa3\x4e\x94\xee\x33\x38\x79\x4d\xb3\x41\xef\xd0\x5a\x36\
\x92\x3e\x0d\x9c\x93\x3a\xfc\x21\xb0\x93\x99\x85\x34\x0b\x0a\xa1\
\xa8\xea\xd0\x3f\xcc\x2c\x6f\x81\xe8\xa0\x91\xe4\x16\x9f\x04\x1c\
\x44\xff\x54\x9f\xeb\x80\x83\xcd\xac\xbb\xe0\x7c\x47\x52\xad\x0a\
\x95\x97\xf7\xf0\x2e\xd4\xb9\x76\xc5\x25\xcd\x8b\x3b\x6b\x45\xe9\
\xa4\xd4\xa1\x5e\x9e\xa0\x98\x53\x00\x70\x20\xc5\x9d\x82\x90\xf4\
\xa1\x98\x3a\xd4\x9f\x6e\x8a\x3b\x05\x2d\x59\x8c\x27\xdf\xf7\x8b\
\xa8\xdd\x2f\xa4\xab\x15\x76\xe4\xc1\xcc\x66\x4a\x7a\x88\xfe\x1b\
\x15\xe0\x12\xc4\xa5\x10\x9d\x82\x48\x24\xd2\x54\x92\xd4\x89\xab\
\x29\xee\x10\xf4\xb2\x3b\xf0\x49\x49\xbb\x98\xd9\xfd\x13\xa4\x4f\
\x8e\xf1\x3c\xfa\x81\xe6\x1b\x2f\xb8\x7a\xa2\x74\xfd\x74\xd8\x7d\
\x7c\xce\x85\x55\xbb\x93\xd4\x66\xfc\x01\x48\xab\x62\x1c\x94\x48\
\xaa\xb6\x8a\x6d\x0b\x9e\xdf\xf6\xe9\x29\x49\x21\xf1\x05\xf4\xff\
\x6c\xbd\x0c\x1c\x93\xa7\x6e\x20\x63\xbe\x4d\xf1\x1c\xe0\x10\x0c\
\xd8\xa7\x60\xb1\xf8\x56\x78\x3f\x8d\xa2\xb4\xb5\x14\x69\x0d\x42\
\x9c\xdf\x2f\x48\x5a\xc0\xcc\xde\x28\x30\x26\x24\x52\x30\x24\xee\
\x35\x25\xf2\x2c\xd5\x69\x8e\x03\xd1\x74\xa7\x40\xd2\xec\xf8\xbd\
\x74\xe5\x3a\xa7\x75\x35\xdb\x8e\x82\x5c\x87\x3b\xc4\x13\x80\x07\
\x80\x89\x65\x46\xf9\xa2\x53\x10\x89\x44\x9a\xcd\x05\xf4\x97\x6e\
\x0c\x61\x05\x60\x81\x49\xd2\xe6\xf2\xbc\xf4\x22\x32\x71\x5b\x8f\
\x86\xff\x3c\x2a\x6d\xb4\x4a\xb1\xc5\x40\xdb\x21\x69\x34\x9e\x9b\
\xbe\x44\xea\xad\x0b\xcc\xec\xe2\x16\xda\xb1\x1c\xf5\x1f\xa4\x69\
\x0c\xf8\x5b\x93\xcc\x69\x98\x24\x92\x75\x3e\xbe\xa8\xee\xa5\x07\
\x6f\x06\xf7\xed\x01\x7a\x02\xd4\x9a\x73\x69\xe0\xf7\x84\x3f\x67\
\x4f\x31\xb3\xab\x0a\x8e\x09\x91\x22\x7d\xd6\xcc\x26\x05\x8c\x1b\
\x6c\xea\xc9\xbe\xd6\x62\x14\x1e\x5d\x28\x52\x84\x1f\x23\x05\x8d\
\xd3\x1d\x30\x66\x0e\x49\x0b\x35\x2b\xf2\x29\x69\x09\xdc\x21\xf8\
\xf4\x00\xa7\xb6\x53\xfa\x10\x89\x22\x5e\xd3\x88\x85\xc6\x91\x48\
\xa4\x69\x24\x0a\x42\x5f\x2d\x63\xae\xe5\xe0\xa2\x9e\xec\x1d\xf2\
\x3c\xac\x3e\x1d\x7e\x7b\x95\x14\xaa\xfc\xd2\x2e\x9c\x03\x6c\x98\
\x3a\x76\x17\x2e\xf5\xda\x4a\x8a\x16\xb3\xde\x6b\x66\x2f\x35\xc5\
\x92\x06\xa8\x28\x24\x9e\x48\x7f\x87\x60\x02\xf0\x59\x33\x3b\x20\
\xd0\x21\xa8\xa5\x0a\x95\x97\x9b\x80\xef\x17\xbc\xe6\x68\x8a\x17\
\x7e\x03\xfc\x25\x60\x4c\x3b\x30\x4b\xe0\xb8\xa2\xbf\xa3\x18\x29\
\x68\x9c\xd0\x62\xe3\xae\x32\x8d\x00\x6f\x1e\x28\x69\x4f\xfc\x3b\
\x3f\x90\x43\x00\xb0\xb8\xa4\xd0\xcf\x5a\xc7\x11\x23\x05\x91\x48\
\xa4\x29\x24\x8b\x94\x1f\xa5\x0e\x1b\x9e\x8e\xf1\x21\xde\x80\xe8\
\x03\x7c\x47\x16\xbc\x68\x75\x5e\x60\x7e\x32\x64\x1b\x8f\x80\xae\
\x46\xfa\xde\x1b\x7c\x7e\x25\xf8\x0a\xc5\xe5\x0c\xdb\x82\xe4\x41\
\x76\x50\xea\xf0\x64\xbc\x8e\xa0\x48\xd1\x6b\x19\x74\x7c\x17\x63\
\x49\xe3\xf1\x42\xe2\xf1\x15\x87\x3f\xc0\xeb\x09\xce\x6a\xb0\x58\
\xfb\x7c\xaa\xf3\x7e\xf3\x12\xda\x03\x63\x63\xc2\xba\x18\x77\x62\
\x3d\x01\xc0\x02\x81\xe3\xd6\x2e\x78\x7e\x48\xa4\x20\x3a\x05\xfd\
\xe9\x0e\x1c\xb7\x0c\xde\x35\xbc\x61\x12\xe5\xa9\x2d\xf1\x86\x94\
\x45\x52\x99\x46\xe2\x32\xc4\x4f\x95\x61\x47\xbb\x13\x9d\x82\x48\
\x24\xd2\x2c\xbe\x85\x2b\x02\x5d\x01\xdc\x0a\xdc\x0e\x3c\x99\xa7\
\xd8\x34\x91\x22\xfd\x0e\xf0\x4d\xe0\xdf\xeb\xc3\x1c\xeb\xc3\x7a\
\x8d\x1a\x24\x38\xee\x56\xe9\xf2\x8d\x5b\xa3\xce\x53\x1a\x92\xd6\
\xc2\x17\xb0\x95\x4c\x07\x76\x31\xb3\x17\x5b\x6c\xcb\x9c\x54\x47\
\x2b\x06\xa2\x6d\xa4\x48\x93\x62\xdc\x13\xe9\xdf\x80\x0c\xdc\xc6\
\x83\x6b\x34\xdd\x2b\x32\xff\xb7\x80\x7d\x02\x87\x4f\xc5\x0b\x8b\
\x43\x7a\x60\x14\xad\xf1\x00\x5f\xbc\x76\x8c\x22\x54\x8a\xd0\x1a\
\xa5\x15\x25\xc9\xcc\x2c\xe7\xf9\x21\x91\x82\x98\x3e\xd4\x9f\xee\
\xc0\x71\x5d\x8d\x5e\x58\xd2\xa2\xc0\x2e\xc0\xd7\xf1\x46\x94\x21\
\x2c\x43\x74\x0a\x22\x91\x48\xa4\x21\xfe\x60\x66\x67\x87\x0c\x34\
\xb3\x37\x81\x6f\x4b\x3a\x03\x78\xf3\x7c\x38\x8b\x12\x9c\x02\x60\
\xb9\x05\x7c\x97\xe8\xce\x12\xe6\x6a\x09\x89\x83\x74\x35\x30\x7b\
\xea\xad\xc3\xcc\x6c\x30\x16\x74\x9f\xa7\x58\x0a\xd7\xcb\xc0\xff\
\x9a\x64\x4b\x21\x6a\x14\x12\xbf\x04\x7c\x27\xa4\x90\x38\x63\xfe\
\xcf\x02\x67\x36\x30\xc5\x81\x66\x16\xfa\xbb\x0a\xe9\x4f\x70\x83\
\x99\x85\xe4\xe6\xb7\x03\x21\x0d\xda\x00\xe6\x04\x16\x24\x7f\xa1\
\x72\x8c\x14\x34\x4e\x4b\x7b\x15\x24\x8e\xff\x76\xb8\x9c\xf5\x96\
\x34\xbe\xd6\xed\x6a\x70\x7c\xa9\x48\x9a\x0b\x58\x09\xef\x9b\x33\
\x3e\x79\xdd\x6b\x66\x87\x36\x3a\x77\x74\x0a\x22\x91\x48\x53\x30\
\xb3\xe7\x4a\x98\xe3\x55\x80\x09\xd2\x46\x8d\xa4\x0e\xa5\xd8\x8c\
\x0e\x71\x0a\xe4\x35\x10\xbf\x05\x96\x4d\xbd\xf5\x1b\x33\x3b\x7f\
\x10\x4c\x82\x80\xd4\xa1\x02\xbb\xb2\x4d\x21\x29\x8c\x3e\x1f\x5f\
\x20\xf4\xd2\x50\x21\x71\xc6\x35\x16\x05\xae\x22\x3c\xd7\xfd\x6c\
\x33\xbb\x34\xf0\xda\xe3\xa8\xfe\x8c\xe4\xa1\x23\x53\x87\x24\x2d\
\x44\xd8\xbf\xb7\x97\xb4\xce\x7b\x3d\x62\xa4\xa0\x41\xcc\xec\x5d\
\x49\x6f\xe2\xa9\xa1\x45\xc8\xed\x14\x24\x62\x01\x9f\xc3\x9d\xe3\
\xcf\x11\x56\x7b\xd6\xb0\x1d\x2d\xe2\x28\xe0\xb8\xd4\xb1\x52\xea\
\x1e\xa2\x53\x10\x89\x44\xda\x1e\x95\xd8\xb1\xd1\xf2\x37\x4f\x6b\
\x07\x4e\xa5\xba\x30\x72\x02\xb0\xff\x20\xd8\x52\x99\x97\x5b\x84\
\x41\xab\x27\x48\xea\x5a\xbe\x09\x9c\x8c\x77\xfe\xec\xe5\x01\xe0\
\x00\x33\x2b\xa5\x11\x5d\x72\x9d\xab\x80\xc5\x03\xa7\xf8\x37\x70\
\x4c\x03\x26\x84\x34\x2c\x9b\x4e\x1b\x2b\x42\x0d\xc0\xa7\x1a\x1c\
\x9f\x6b\x01\x95\x14\x8c\x87\x2c\x2e\xa3\x53\x50\x4d\x37\xc5\x9d\
\x82\xae\x5a\x6f\x24\x1b\x26\x6b\xe1\x4e\xc0\xb6\xf4\xaf\x0d\x2a\
\x9b\x76\x73\x0a\x26\x64\x1c\x5b\x43\xd2\xc8\x80\x5a\xa4\x7e\x44\
\xa7\x20\x12\x89\x74\x02\x65\xee\xfa\xcc\x55\xe2\x5c\x4d\x43\xd2\
\x1e\xc0\x11\xa9\xc3\x6f\x00\x5f\x34\xb3\x0f\x06\xc1\x24\xf0\x07\
\x6f\x91\x85\xef\x47\xb8\x92\x4e\xcb\x91\xb4\x1e\x5e\x87\xb1\x7a\
\xc5\xe1\x77\x81\xef\x01\x3f\x69\xf4\xe1\x99\xe2\x27\xc0\xfa\x81\
\x63\x9f\x07\x76\x6c\x30\x8d\x27\x24\x75\xe8\x76\x33\x7b\xab\x81\
\x6b\x0e\x26\x9f\x6c\x70\x7c\xde\xc2\xfc\x90\x28\x01\xc4\xf4\xa1\
\x2c\xba\x29\xde\xd5\xbb\xab\xf2\x07\x49\x0b\xe0\x2a\x61\xdb\xe2\
\x9b\x25\x21\x85\xf5\x21\x34\x12\x95\x0a\x46\xd2\x8a\xc0\x0a\x66\
\x76\x43\xea\xad\x2c\xa7\x60\x0c\xb0\x22\xf0\x68\x23\xd7\x8c\x4e\
\x41\x24\x12\xe9\x04\xa6\x00\x0b\x97\x34\xd7\x2b\x25\xcd\xf3\x31\
\x92\x96\x07\x96\x34\xb3\xdb\x4a\x9a\x6f\x33\xe0\x97\xf4\xef\xb2\
\x39\x13\x57\xa5\xe9\x2e\xe3\x1a\x81\x14\x2d\x66\xbd\xcd\xcc\xde\
\x6b\x8a\x25\x35\x90\x34\x1f\x70\x1a\x5e\x58\x58\xf9\xfb\xfb\x13\
\xf0\x7f\x66\xf6\x42\xc9\xd7\xfb\x3a\xe1\x91\x9b\x0f\x71\x87\xe0\
\xd5\x06\xae\xbf\x18\xc5\x1b\x43\x41\x87\xa6\x0e\x25\x84\x48\xaf\
\xf6\xd2\x83\xd7\xb9\xe4\x21\xa4\x9e\x00\x62\xa4\x20\x8b\xee\x80\
\x31\x73\x49\xda\x00\xaf\x27\xdb\x16\x97\x10\x0d\x91\x95\x9e\x0c\
\xfc\x07\x5f\x30\x3f\x89\x77\x0a\x9f\x81\xff\xff\xae\x8e\x7f\x9e\
\xea\x15\x21\x77\x05\x5c\x33\x18\x49\xa7\x02\x5f\xc2\xeb\x06\xfe\
\x02\xa4\x9d\x82\xa7\xf0\x7f\xc3\x9c\xa9\xe3\x6b\x12\x9d\x82\x48\
\x24\x32\x0c\xb8\x9f\xc6\x16\x02\x1f\x63\x0d\xde\x34\xd3\x24\x5d\
\x31\xff\x08\xac\x29\xe9\x26\xe0\x04\x33\xfb\x4f\x03\xf3\x6d\x81\
\x2f\x60\xd3\xd1\x91\xef\x9a\xd9\x8d\xe1\x96\x96\x42\xd1\x7a\x82\
\x96\xaa\x0e\x25\xd1\x95\xb3\x80\x45\x2a\x0e\x3f\x07\x7c\xcb\xcc\
\x4a\x5f\x04\x4b\xfa\x14\x1e\x25\x08\xa5\x8c\x2e\xd4\xdb\xd2\xdf\
\xf9\xc9\x4b\x27\x76\x31\x46\xd2\x82\x84\xcb\xbd\x02\xbc\x5a\x20\
\x2a\x13\x23\x05\xe5\xd1\x1d\x38\x2e\x44\x4c\x61\x32\x70\x4b\x32\
\xf6\x36\x33\x7b\x64\x80\xf3\xbf\x2d\x69\x2b\xe0\xe7\x64\xab\x5a\
\x2d\x21\x69\x74\x0b\x8b\xf2\x8f\xa0\x6f\x7d\xfe\x61\xfa\x4d\x33\
\xeb\x91\xf4\x20\x2e\x95\x3a\x01\xef\xb9\xf0\x00\xd0\xf0\xa6\x54\
\x74\x0a\x22\x91\x48\xdb\x23\xf8\xbb\x95\xe3\x14\xf4\x50\xfe\x42\
\xf5\x42\x7c\x87\x06\x60\x73\x60\x73\x49\xff\x05\x7e\x0c\x5c\x6d\
\x66\x53\xf3\x4c\x92\xe4\xa5\x9f\x00\x1c\x4d\xf5\x6e\xd8\x9f\x81\
\xd3\x4b\xb1\x36\x90\x64\x47\xba\x68\xde\x6e\x4b\xea\x09\x24\xad\
\x80\xab\x0a\x7d\xae\xe2\xf0\x0c\xe0\x3c\xe0\xfb\xcd\x88\x56\x48\
\x5a\x84\xf0\x66\x7a\x00\x3f\x2d\xa9\x0b\x75\x48\x3d\xc1\x43\x66\
\xf6\x74\x09\xd7\x1e\x0c\xb6\xa0\xb1\xc6\xab\x59\xa9\x17\xb5\x88\
\x91\x82\xf2\x68\x48\xea\x77\x00\x0c\xdf\x38\xba\x36\x79\xdd\x67\
\x66\x3d\xf5\x87\xa4\x26\x30\xbb\x41\xd2\xa7\x71\x47\x22\x5d\xc3\
\x36\x12\x77\x16\x9e\x29\xc1\xd6\xba\x24\x75\x2c\x95\x6b\xf3\x2a\
\xa7\x20\x61\x13\x33\xab\xf5\x5e\x30\xb1\xa3\x71\x24\x12\x69\x7b\
\x46\xc2\xa5\x2a\xe1\x41\xfb\x11\xdc\xb2\x16\x7c\xa6\x0c\x9b\xe0\
\x63\x4d\xfa\x3d\x33\xde\xfa\x24\xf0\x6b\xe0\x55\x49\xbf\x91\xb4\
\x97\xa4\xa5\x6a\xcc\xb1\x78\x32\xcf\x23\xc0\xb1\x54\x3b\x04\x6f\
\xe1\x52\x95\x83\xaa\xe0\x03\x6c\x4d\xb1\x1d\xe9\x87\x9b\xbd\xf0\
\x94\x34\x8b\xa4\xef\xe2\x3b\x65\x95\x0e\xc1\x3d\xc0\x27\xcd\xec\
\xf0\x26\x39\x04\xa3\x81\x2b\x09\xd7\xca\xbf\x03\x68\x58\x3e\x30\
\x89\x52\x6d\x1a\x30\xb4\x53\xbb\x18\x03\xec\xd0\xe0\xf8\x7f\x17\
\x38\x37\x46\x0a\xca\xa3\x6c\xa7\x60\x2a\x5e\xaf\x74\x28\xb0\xb4\
\x99\x8d\x37\xb3\xe3\xcd\xec\x9e\xa2\x0e\x41\x2f\x49\xcf\x97\x1d\
\xf1\x22\xfc\x34\xad\x2a\x36\x4e\xa7\x04\x65\x2e\xfc\x9b\xe1\x10\
\x40\x8c\x14\x44\x22\x91\x0e\x60\x35\xb3\x37\x27\x48\x67\xc9\x9b\
\x4e\x85\x32\x63\x1f\x57\xa0\xb9\x4a\xd2\xe5\xc0\x37\x4a\x28\xd8\
\x9d\x97\xec\xdc\xce\x5e\xe6\x04\x76\x4f\x5e\x48\x7a\x1b\x0f\xa3\
\xbf\x8b\x2b\xa0\x2c\x05\x2c\x36\xc0\x35\xce\x31\xb3\xd2\xeb\x20\
\x02\x68\xab\x2e\xc6\x49\xae\xf1\xcf\x80\xd5\x2a\x0e\xbf\x83\x4b\
\xf5\x5d\x50\x72\x21\x71\x9a\x33\x29\xde\xc0\xad\x97\x97\x81\x9d\
\x4b\xea\x42\xfd\x39\xaa\xfb\x57\xe4\xa1\x6d\x9a\xc9\x15\x21\x71\
\x82\x8a\xaa\x5f\xa5\xb9\xbd\xc0\xb9\x31\x52\x50\x1e\x65\xec\xb2\
\x77\xe3\xf7\x95\x6b\x81\x5b\x9b\xb1\x30\x36\xb3\x07\x24\xfd\x0a\
\xd8\x2f\xf5\x56\x57\xd9\xd7\xaa\xc1\x1c\xa9\x9f\x07\x6c\xf6\x59\
\x26\x31\x52\x10\x89\x44\x3a\x82\xc7\xe1\x64\xc1\x3f\x42\xc7\x5f\
\x05\x37\x3d\xd8\x17\x25\xd8\x0b\xf8\x77\xa2\xee\x10\x8c\x99\xfd\
\x00\x0f\x35\x9f\x4d\xed\x30\x6f\x25\xf3\xe0\xa9\x46\xeb\xe3\xd1\
\x84\x81\x1c\x82\x99\xc0\x25\x8d\xd8\x58\x06\x92\x66\xc5\x53\xa3\
\x8a\xd0\x14\xa7\x40\xd2\xfc\x92\x7e\x81\xe7\xcf\x56\x3a\x04\x7f\
\x04\x56\x33\xb3\xf3\x9a\xe9\x10\x48\xda\x0b\xf8\xbf\xc0\xe1\xd3\
\x70\x87\xe0\xa5\x92\xcc\x09\x49\x1d\x9a\x0c\xdc\x5d\xd2\xf5\x5b\
\xcd\x36\x84\x39\x41\xbd\x3c\x4f\x8c\x14\x0c\x0a\x49\x2f\x90\x10\
\xb5\xab\x67\x70\xb9\xde\xb1\x66\xb6\xac\x99\x1d\x6c\x66\x7f\x6b\
\xd6\x4e\x79\xc2\x59\x19\xc7\xba\x9a\x78\xbd\x4a\x72\x45\x0a\x9a\
\x45\x74\x0a\x22\x91\x48\x47\xb0\xb3\xd9\xcc\x91\xf0\x65\x8a\x17\
\x9e\xd9\x83\x70\xf9\xff\xf3\x4e\xbc\x95\xac\x0d\xfc\x37\x29\x5c\
\x0c\xc6\xcc\x5e\x33\xb3\x23\x80\x15\xf0\xfa\x82\x32\x8b\xd1\x9e\
\x28\x5b\x2d\x27\x90\x8d\x28\x26\xe5\xfa\x16\xae\xf6\x51\x2a\xc9\
\x82\xfc\x11\x60\x5f\xfa\x52\x99\x9e\x05\xbe\x60\x66\x3b\x25\xe1\
\xff\xa6\x21\x69\x1d\xfc\xff\x38\x94\xc3\x1a\x29\x42\x4f\xd9\x32\
\x02\x4f\xe9\x2a\xca\x35\xa1\xe9\x15\x6d\x40\x7a\xf7\xb6\x28\x97\
\x16\x74\x18\x43\x22\x05\xd3\x9a\xbc\x60\xed\x64\xba\x03\xc6\x4c\
\x30\xb3\xd3\xcc\xec\xc1\xb2\x8d\xa9\x85\x99\x3d\x06\xa4\x7b\x98\
\xb4\x2a\x7d\x28\x1d\x29\xa8\xfb\x59\x92\x34\x4a\xd2\xea\x92\xbe\
\x2c\xe9\x34\x49\x5f\x6c\xe4\xe2\xd1\x29\x88\x44\x22\x1d\xc3\x6a\
\x66\x6f\xce\xee\x8b\xfb\x33\xc8\x17\x56\x7d\x41\xb0\xc3\x1e\xae\
\xdf\x9c\x75\xbf\x3b\xdf\xcc\x5e\x2f\xc3\x36\x33\x7b\xd1\xcc\xbe\
\x01\xac\x0a\x5c\x8e\x17\x35\x37\xca\xbb\x25\xcc\x51\x06\x45\x53\
\x87\xfe\x66\x66\x33\xca\xba\xb8\xa4\x15\x13\x65\xa7\xcb\xe8\x93\
\xa6\x9d\x81\xa7\xf1\xac\x6e\x66\x4d\x4f\x87\x49\x9c\xc7\x3f\x52\
\xac\x1b\x6e\x25\x97\x98\xd9\x05\x25\x9a\xf4\x29\x60\xd1\x80\x71\
\x9d\x9a\x3a\xb4\x3c\xde\x8d\x3c\x94\x69\xb8\xcc\x6f\x11\x42\x22\
\x05\x31\x4a\x50\x9b\x90\xba\x82\xc1\x6a\x1c\x96\x96\x01\x6d\xab\
\x9a\x02\x00\x49\x67\xe0\xcf\x88\x07\xf1\xce\xf7\x47\x01\xd1\x29\
\x88\x44\x22\xc3\x87\x15\xcc\x3e\x1a\x67\x76\x94\x3c\x75\xe4\x87\
\xb8\xc4\x68\xe5\xee\xdf\x87\x78\x01\xda\x41\x73\xc3\x8a\x63\xcd\
\xfe\x8c\x2b\x96\x5c\x99\x9a\xea\x36\x5c\xed\xa7\x54\xcc\xec\x29\
\x33\xfb\x0a\x30\x0e\xb8\x1a\x57\xc6\x08\x25\xb3\x38\x79\x10\x18\
\x94\x7a\x82\xa4\x90\xf8\x7b\x78\x21\x71\xe5\x82\xf0\x6e\xe0\x13\
\x66\xf6\x6d\x33\x7b\xbf\x8c\x6b\x0d\x60\xc7\x48\xe0\x77\x84\xa7\
\x10\xdc\x8b\x77\x56\x2e\x93\x90\xd4\xa1\xa9\xc0\x60\xcb\xda\x86\
\xb2\x3f\x8d\xad\x59\x2e\x0a\xe8\xf1\x11\x12\x29\x88\xf5\x04\xb5\
\xe9\x0e\x18\xd3\x55\xb2\x0d\x79\x49\x47\xf4\xba\x5a\x74\xdd\xb4\
\x53\x50\x6f\xf3\xeb\x5d\x60\xb6\xd4\xb1\x35\xb3\x4e\xcc\x4b\x74\
\x0a\x22\x91\x48\x47\x32\xd6\xec\xe9\x71\x66\xdf\x1d\x67\xb6\xea\
\x28\x98\x7d\x26\x74\x4d\x87\x85\xde\x84\xb9\xc6\x99\x7d\x6e\x9c\
\xd9\x05\x5d\x49\x18\x3f\xc9\x67\xdd\x0d\x38\x04\xdf\x31\x7c\x15\
\xd8\x3d\x6b\x37\x5b\xd2\x4a\x65\xd8\x67\x66\x0f\x99\xd9\x8e\xf8\
\x4d\xfa\xaa\xc0\x69\x16\x4d\x52\x56\x06\x0d\x49\xab\x02\xcb\x17\
\x18\x32\x13\xf8\x5b\x09\xd7\xdd\x00\x97\x19\x3c\x89\xbe\x07\xdf\
\xdb\xb8\xda\xc8\x7a\x66\x56\x44\x5a\xb2\x51\x4e\xa5\x78\x4d\x45\
\x2f\x6f\x00\xbb\x34\x21\xa5\x24\xa4\x8b\xf1\xcd\x83\xd8\x0d\x3b\
\x18\x49\xf3\xe0\xcd\xe8\x42\x79\x1f\x38\x39\x60\x5c\x8c\x14\x94\
\x4b\x77\xc0\x98\xf9\x24\xb5\xaa\x73\x71\x25\x77\xd1\x7f\xb3\x69\
\x29\x49\xad\x10\xe7\x49\xa7\x69\xd6\xbb\x6f\x4c\xcc\x38\xb6\x9a\
\xa4\x59\x42\x2f\x1e\x9d\x82\x48\x24\xd2\xf1\xac\x66\x36\x6d\x6d\
\xb3\x67\xc7\x9b\xbd\xbe\x71\x8d\xb4\x15\x73\x7e\x8c\x17\xf9\xee\
\x9a\x55\xec\x29\x69\x3d\xe0\x21\x49\x17\x24\x7a\xd1\x0d\x63\x66\
\x93\xcc\x6c\x17\x5c\xad\xa6\x88\xf2\x49\x2f\x47\x95\x61\x47\x03\
\x14\x8d\x12\xdc\x69\x66\x6f\x84\x5e\x4c\xd2\x02\x92\x2e\xa6\xba\
\x90\xf8\x4a\x60\x55\x33\x3b\xb7\xc9\xca\x42\x69\x7b\x76\xc1\x9b\
\x09\x85\x30\x03\x2f\x2c\x2e\x55\xdf\x3c\x49\xa5\x59\x3d\x60\x68\
\xa7\x76\x31\x3e\x14\x98\xbf\x81\xf1\xc7\x99\x59\xde\x2e\xc6\x95\
\xc4\x48\x41\xb9\x84\xca\x92\x76\x95\x69\x44\x1e\xcc\xec\x5d\x60\
\x52\xc5\xa1\x51\xc0\x12\x2d\xb8\xf4\x42\xa9\x9f\xeb\x39\x05\x59\
\x1b\x23\xb3\x00\x2b\x87\x5e\x3c\x3a\x05\x91\x48\x64\x58\x91\xe8\
\x58\xdf\x9a\x3e\x2e\x69\x7e\xe0\x37\xf8\xcd\xff\x40\xe0\x8e\xa4\
\x29\x56\x59\xd7\xbd\xdd\xcc\x36\x04\xb6\x02\xee\x2b\x30\x74\x17\
\x49\x45\x17\xe6\x65\xd2\x92\xd4\x21\x39\x7b\xe3\xe9\x60\x5f\xa3\
\xaf\x90\xf8\x19\x60\x1b\x33\xdb\x35\x70\x61\x17\x8c\xa4\xb1\xc0\
\xc5\x15\xb6\x14\xe5\x68\x33\xfb\x67\x89\x26\xf5\xb2\x7d\xc0\x98\
\x1e\x3a\xb0\x8b\xb1\xa4\x25\x81\x23\x1b\x98\xe2\x76\xbc\x91\x60\
\x08\x31\x52\x50\x2e\xa1\x4e\xc1\x60\xd5\x15\x3c\x9c\xfa\xb9\x15\
\x76\x14\x71\x0a\xba\xe9\xfb\xbc\xbd\x8b\xa7\x3c\xfd\x74\x80\x31\
\x75\x89\x4e\x41\x24\x12\x19\xf6\x48\x12\x5e\x1c\x5c\x79\xd3\x5f\
\x1b\xb8\x4f\x52\x5a\xb5\xa8\x21\xcc\xec\x6f\xc0\xba\x78\x93\x9c\
\x27\xf2\x98\x07\x5c\x2e\x29\x64\x67\xb8\x21\x92\xb0\xfd\x7a\x05\
\x87\x15\x2e\x64\x95\xb4\x32\x70\x33\xf0\x2b\xa0\x57\x0d\x6a\x3a\
\xde\xc5\x79\x0d\x33\xbb\xbe\xe8\x9c\x8d\x22\x69\x3e\xbc\x26\x24\
\xad\x06\x92\x97\xdf\x99\xd9\xd9\x25\x9a\x54\xc9\xb6\x01\x63\xee\
\x6d\x93\x7e\x17\x45\xf9\x11\xb5\xfb\x80\x0c\xc4\x6b\xc0\x5e\x0d\
\xa8\x2d\xc5\x48\x41\xb9\x74\x07\x8e\xeb\x2a\xd1\x86\x22\x3c\x9e\
\xfa\xb9\xab\x05\xd7\x4c\x3b\x05\x35\x6b\x0a\x92\x86\x96\x5f\xc4\
\x95\xef\xe6\x31\xb3\xf5\xcd\xec\x9b\x66\x96\xe7\xb9\x92\x49\x74\
\x0a\x22\x91\x48\x04\x0e\x22\x5b\xde\x71\x26\xd5\x0f\x86\x86\x49\
\x52\x99\xae\x06\xd6\xc0\x35\xb8\x07\xea\xba\x3b\x1f\x70\xb3\xa4\
\x35\xca\xb6\x65\x00\xb6\x00\x46\x17\x38\xff\xd9\x22\xd2\x81\x92\
\x66\x95\x74\x3c\x1e\x06\xdf\xa4\xe2\xad\x3b\x81\xf1\x66\x76\xf4\
\x60\xe4\xc0\x27\x72\x9f\xbf\xc6\x1f\xb6\x21\x4c\xa0\xb1\x1c\xf8\
\x9a\x24\x11\xad\x0d\x02\x86\x76\x5c\xea\x90\xa4\xaf\xe1\xce\x73\
\x08\xd3\xf0\x5a\x8e\x46\x3a\xe9\xc6\x48\x41\x89\x98\xd9\x5b\x84\
\xfd\x7e\xba\x4a\x36\x25\x2f\x8f\xa5\x7e\xee\x6a\xc1\x35\x17\x49\
\xfd\x5c\x77\xd7\xdf\xcc\x6e\x4d\xc4\x2d\x4a\xe9\x78\x1f\x9d\x82\
\x48\x24\x12\x71\xa9\xcb\xb4\x3a\x91\x01\xfb\x06\x28\x96\xe4\xc6\
\xcc\xa6\x99\xd9\x69\xc0\x4a\x78\xa4\xa2\xde\x8d\x7d\x11\xe0\xce\
\x46\x75\xa8\x0b\x52\x74\x47\x3a\x77\x7a\x8a\xa4\x0d\xf1\x42\xe2\
\x13\x80\x59\x93\xc3\xbd\x85\xc4\x1b\x98\xd9\xa4\x1a\x43\x5b\xc1\
\x49\x84\xf5\x00\x00\xef\xd1\xb0\x63\x13\x9d\x99\xad\xf0\x14\xb7\
\xa2\x74\x54\xea\x50\xe2\x00\x9f\x17\x38\xbc\x07\xf8\x5a\x56\x9a\
\x60\x41\x62\xa4\xa0\x7c\x42\x9c\xb4\xae\xb2\x8d\xc8\xc9\x13\xb8\
\x50\xc0\x55\xc0\xde\x84\x7f\x1e\x8b\x90\x4e\x51\x8a\xcd\xcb\x22\
\x91\x48\xa4\x95\x54\xa8\x13\x1d\x8a\xef\x30\x02\x9c\x6b\x66\x7f\
\x4a\x9f\xdb\x0c\x05\x0a\x33\x7b\x39\x91\x31\xfd\x14\xf5\xbb\xcd\
\xce\x09\x5c\x2d\xe9\x42\x49\x8d\x74\x76\x1d\x90\x44\x86\x73\xcb\
\x82\xc3\x06\xac\x27\x90\x34\x9f\xa4\x0b\x81\x5b\xf1\x9e\x0e\xbd\
\x5c\x8b\xa7\x0a\xb5\xb4\x90\x38\x8d\xa4\xed\x80\x63\x03\x87\xf7\
\x00\x7b\x98\xd9\x53\x25\x9a\x94\x26\x44\x8a\xf4\x59\x33\xcb\x52\
\x2a\x69\x4b\x24\x2d\x81\x7f\x96\x42\x52\xb7\x66\xe2\xce\xfc\x6f\
\x1b\xb4\x41\x14\x6b\xd8\xd7\x4b\x74\x0a\xea\xd3\x1d\x30\xa6\xab\
\x64\x1b\xf2\xf2\x00\xb0\x88\x99\xed\x62\x66\x97\x25\x91\x8e\x66\
\x93\x96\xa1\xce\xd3\x8f\xa7\x34\xa2\x53\x10\x89\x44\x22\x7c\x9c\
\xd2\x73\x2e\xae\x4e\x74\x25\x70\x74\x8d\x53\x7f\x57\xa6\x3a\x51\
\xca\x86\x7b\xf0\x1c\xfe\x03\xf1\x1d\xaa\x2c\x84\x6b\xb6\xdf\x93\
\xec\xb6\x37\x8b\x4f\xd1\x97\xdf\x9f\x87\xf7\xf1\x85\x7e\x26\x49\
\x21\xf1\xd7\xf0\xdd\xb7\xfd\xe9\x2b\xde\x7d\x1a\xd8\xd2\xcc\xbe\
\x30\xd8\xdd\x9b\x25\xad\x82\x47\x6c\x42\x0b\x8b\xbf\x67\x66\xe9\
\xa6\x47\xa5\x91\x48\x0d\x6e\x11\x30\xf4\x2f\x65\xdb\xd2\x2c\x24\
\x2d\x83\xf7\x19\x59\x3a\x60\xf8\x34\x5c\x6a\xf8\x57\x25\x98\x32\
\x27\x61\x6b\xa4\x98\x3e\x54\x9f\xee\x80\x31\x5d\x25\xdb\x90\x0b\
\x33\x9b\xd9\x62\xa5\xb3\xb9\xa8\x56\xd9\x2a\x14\x29\x90\xb4\xa4\
\xa4\xad\x25\x2d\x17\x62\x43\x74\x0a\x22\x91\x48\xa4\x82\x44\x9d\
\x68\x57\x33\x9b\x96\x7e\x4f\xd2\xc1\xc0\x4e\x34\x41\x9d\xa8\xe2\
\xfa\x33\xcd\xec\x67\x78\x4a\xd1\x05\xf4\xd7\xca\xae\x64\x35\xe0\
\x56\x49\xbf\x96\x14\x5a\x88\x59\x8f\xa2\xaa\x43\x37\xd7\xd2\xe2\
\x4f\x16\xdb\xff\xc4\x95\x7c\x16\x48\x0e\x4f\x07\x4e\xc1\xa3\x03\
\x7f\x0f\xb6\xb2\x24\x24\xcd\x0d\xfc\x89\xb0\x3c\x72\xf0\xa2\xe4\
\x53\xca\xb3\x28\x93\x8d\x08\x4b\x69\xe9\x88\xd4\x21\x49\x6b\x01\
\x77\x00\xab\x04\x0c\x9f\x0c\x6c\x66\x66\xe9\x34\xc0\x50\x42\x7e\
\xcf\x10\x9d\x82\x81\x08\x49\x1f\x9a\x77\x90\x7a\x15\xb4\x9a\x2c\
\x29\xd1\x01\x9d\x02\x49\xdf\x96\x74\x93\xa4\xd7\x81\xe7\xf1\x28\
\xdb\x4e\x21\x06\x44\xa7\x46\x2a\x1d\x86\x00\x00\x20\x00\x49\x44\
\x41\x54\x20\x12\x89\x44\x72\x20\x69\x4d\xe0\x8c\x8a\x43\x6b\x03\
\xff\x93\xb4\x5b\x33\xae\x67\x66\x6f\x9a\xd9\x41\x78\x31\xf2\x3f\
\x6a\x99\x85\xef\x68\x36\xa3\xab\x6f\xd1\x7a\x82\x2a\xd5\x21\x49\
\xa3\x25\x1d\x8d\x87\xe1\x37\xaa\x78\xeb\x3f\xc0\x3a\x66\x76\xac\
\x99\x4d\x6d\xc0\xc6\x52\x48\x52\x45\x7e\x49\xd8\x62\x14\xbc\x20\
\xf1\x6b\x65\x15\xfb\xd5\x21\x24\x75\xe8\x6d\xbc\xe7\x43\xdb\x92\
\x44\x91\x0e\xc5\x1d\x82\xc5\x03\xa6\xf8\x2f\xde\xe1\xfa\xdf\x25\
\x9a\x15\xea\x14\xc4\xf4\xa1\xfa\x74\x07\x8e\xeb\x2a\xd1\x86\x76\
\x65\x6c\xc6\xb1\x3c\x91\x82\x4f\xe0\x1d\xdf\x17\xa8\x38\x16\xd4\
\xd9\x38\x3a\x05\x91\x48\x24\x32\x00\x49\x58\xf7\x4a\xaa\x5b\xca\
\xcf\x05\x6c\xda\xcc\x6b\x9b\xd9\xa3\x66\xb6\x05\xbe\x20\x4c\xef\
\xb2\x3d\x0e\xec\x5d\xf6\x62\x54\xd2\x52\x64\x3f\xa0\x6a\x61\x40\
\x3f\xd9\xd0\x24\xb5\x69\x02\xde\x0d\xb8\xb7\x90\x78\x0a\x5e\xb7\
\xb1\x61\x11\x95\xa2\x16\x70\x1c\x81\x3b\x6b\xb8\x3e\xf8\x0e\x49\
\x5d\x4a\xb3\x09\xe9\x62\xfc\x24\xb0\xae\xa4\xc5\xca\x36\xa6\x0c\
\x24\xad\x8b\x47\x91\xce\x01\xc6\x14\x1c\x3e\x1d\x38\x1e\x58\xbf\
\x09\xa9\x67\xa1\x11\xa3\x18\x29\xa8\x4f\x77\xe0\xb8\xae\x12\x6d\
\x68\x57\xb2\xd4\xe5\xf2\xd4\x14\x64\x35\x31\x0b\x72\x0a\x5a\xd1\
\xb2\x39\x12\x89\x44\x3a\x9d\x11\xc0\x43\x78\x4a\x4f\x25\x13\x81\
\x43\x5a\x61\x80\x99\x5d\x23\xe9\x66\xbc\xc3\xf1\xd1\x78\xb7\xdc\
\x1d\xcc\xac\x19\x8b\x90\x6d\x29\x96\x57\x7f\xbf\x99\xbd\x08\x1f\
\x4b\x66\x9e\x02\xec\x97\x9a\xe3\x2a\xe0\x5b\x66\x36\xb9\x34\x2b\
\x4b\x40\xd2\xe7\xf0\x85\x65\x08\x86\x47\x08\xd2\x4d\x8e\x4a\x27\
\x89\x54\x85\x34\x4f\x1a\x8f\x47\x66\x90\x34\x15\x6f\x06\xf7\x74\
\xea\xcf\x67\x80\xa7\xcd\x6c\x20\x69\xdc\x52\x48\x22\x33\xeb\xe1\
\x9d\xa2\xb7\x27\xac\x86\xe3\x5e\x60\x3f\x33\x7b\xa0\x4c\xdb\x2a\
\x88\x91\x82\xe6\xd0\x1d\x38\xae\xab\x44\x1b\xda\x95\xb5\x32\x8e\
\xe5\x89\x14\x64\x7d\x07\x56\x96\x34\x5b\xad\x94\xce\x5a\x44\xa7\
\x20\x12\x89\x44\x06\x20\x59\x78\xef\x20\x69\x7f\x5c\x96\x6e\x16\
\xbc\xb7\xc0\x6e\xad\x4c\x7f\x49\x64\x2e\x4f\x90\xf4\x6b\x60\x69\
\x33\x7b\xa8\x49\x97\x2a\x2a\xc7\x79\x5d\xb2\xd0\xdb\x07\x6f\x38\
\x56\x59\x2c\xf7\x24\xf0\x4d\x33\xbb\xb1\x2c\xe3\xca\x42\xd2\xf2\
\xc0\x15\xc0\xc8\xc0\x29\x7e\x60\x66\x7f\x2c\xd1\xa4\x7a\x84\xa4\
\x0e\xa5\x19\x83\xd7\xa2\xac\x96\xf5\xa6\xa4\xd7\xa8\xed\x34\x3c\
\x67\x66\x33\x42\x2f\x9c\x14\x49\x8f\x07\x3e\x0f\xec\x05\x2c\x1f\
\x38\xd5\x8b\xc0\x77\x81\xcb\x1b\x68\x4a\x96\x87\x18\x29\x68\x02\
\x66\xf6\xa6\xa4\x77\x29\xae\xec\x34\x58\x5d\x8d\x5b\x42\xf2\xfd\
\xf8\x74\xc6\x5b\x79\x16\xf5\x69\x65\xb1\x19\x78\x4a\xe3\xa2\x14\
\x74\xc2\xa2\x53\x10\x89\x44\x22\x39\x31\xb3\x9f\x4b\xba\x1f\x5f\
\x48\x1e\x67\x66\x8f\xa4\xcf\x49\x3a\x0f\xef\x07\x1c\x53\x74\x97\
\xa6\x80\x1d\x4f\xe2\x8b\xed\xd2\x91\x34\x86\xe2\x29\x51\x8f\x01\
\x37\xe2\x79\xad\xbd\x4c\x07\x7e\x0a\x1c\x6b\x66\xcd\xa8\x79\x68\
\x08\x49\x73\xe0\x85\xc5\xf3\x05\x4e\xf1\x0f\xbc\x9f\x41\xab\x08\
\x49\x1d\x2a\xca\x42\xc9\xeb\x93\x19\xef\xcd\x90\xf4\x3c\xee\x28\
\x3c\x07\xbc\x84\x77\x0c\xee\x7d\x55\xa6\xb0\x09\x5f\x90\x2c\x8d\
\x4b\x2c\xae\x8a\x77\xf1\x2e\x9a\x1e\x54\xc9\x8b\x78\x77\xe3\x9f\
\xb6\xe8\xf3\x14\x23\x05\xcd\xa3\x9b\x62\xe9\x89\x30\xf4\x23\x05\
\xeb\x02\x59\x32\xd3\x03\x3e\x43\xcc\xec\x05\x49\xa7\xe3\xf7\xe1\
\x09\xc0\x83\x66\x16\x24\x65\x1a\x9d\x82\x48\x24\x12\x29\x80\x99\
\xdd\x23\x69\xf5\xac\x08\x41\xb2\xd0\xbc\x12\xdf\x89\xdd\x50\xd2\
\x2e\xc9\x02\xbe\x93\xd8\x94\xec\x87\x53\x3d\x7e\x45\xff\xe7\xc9\
\xed\xc0\x37\x5a\x91\x56\x13\x42\x45\x61\x71\xd1\x85\x49\x2f\x4f\
\x00\xbb\xb6\x4a\xae\x50\xd2\xe2\x78\x31\x61\x51\xde\xc5\x95\x87\
\x96\x05\x96\xa3\xba\x5b\x6a\x11\x46\x25\xf3\x2c\xdb\xc0\x1c\x21\
\xdc\x0f\xfc\x04\xf8\x75\x96\x22\x58\x13\x09\x89\x14\x18\xfe\x3b\
\x8f\xd4\xa7\x9b\xe2\xdf\xbd\x56\x7f\xee\x5a\xcd\x26\x19\xc7\x7a\
\xcc\x6c\x7a\x9e\xc1\x66\x56\x4b\x42\xbb\x10\xd1\x29\x88\x44\x22\
\x91\x82\xd4\x49\x19\x3a\x9f\xbe\xd4\x8c\x5e\x75\xa2\xfd\xcd\xec\
\xf7\xad\xb1\xac\x14\x8a\xaa\x0e\x41\xdf\xb3\x64\x0a\xde\xa1\xf8\
\xbc\x26\xa7\x76\x34\xca\x91\xc0\xae\x81\x63\xdf\xc3\x6b\x39\xa6\
\x94\x68\xcf\x40\x7c\x81\xb0\xbc\xfb\xeb\xcd\x6c\x8f\xde\x1f\x92\
\x86\x77\xcb\xd1\xe7\x24\x54\xfe\xb9\x2c\x61\xcd\xc2\x9a\xc1\xab\
\xc0\xef\x81\x4b\x9a\x58\x33\x30\x10\x21\x4e\xc1\xfb\x8d\xa4\x58\
\x0d\x23\x3a\xa9\xab\x71\xab\xd8\x39\xe3\x58\x4b\xbb\x19\x43\x74\
\x0a\x22\x91\x48\xa4\x14\x92\xc6\x5c\x7b\xa7\x0e\xcf\x05\x5c\x2c\
\xe9\x5f\x66\xf6\xd2\x20\x98\x15\xc2\x56\x81\xe3\xae\x02\x0e\x36\
\xb3\x57\xcb\x34\xa6\x6c\x24\x6d\x06\xfc\x30\x70\xb8\xe1\xdd\x72\
\x5b\xad\x9c\x14\x9a\x3a\xf4\xd7\xca\x1f\x92\x9a\x94\x07\x93\x57\
\x15\x92\x16\xa1\xda\x51\xe8\xfd\xfb\x52\x84\xd7\x5e\x0c\xc4\x0c\
\x3c\xed\xe1\x6f\x78\x64\xe3\x9e\x36\x70\x2a\x43\xd2\x87\x62\xea\
\x50\x3e\x42\x9c\x82\x79\x24\xcd\xdb\x62\x67\xbc\x25\x24\x7d\x5c\
\xc6\x65\xbc\x15\x9d\x82\x48\x24\x12\xe9\x50\x36\xab\x71\xfc\xd0\
\x4e\x71\x08\x02\x15\x6e\x9e\xc2\x0b\x89\x6b\xf5\x52\x68\x1b\x24\
\x2d\x0d\xfc\x8e\xf0\x67\xdf\xe9\x25\x36\xc7\xca\x45\x92\x92\x56\
\xeb\xb3\x55\x8f\xe9\x40\xa1\xee\xca\x89\x32\xd4\x64\xe0\xae\x0c\
\x3b\x46\xe3\x35\x02\x59\x51\x86\x65\x80\x85\x73\x5e\xe6\x75\xbc\
\x1e\xe6\x09\x5c\xd1\xeb\x2e\xe0\xde\x36\xac\x3b\x09\x89\x14\xc4\
\x22\xe3\x7c\x3c\x13\x38\x6e\x59\x3c\x9d\x6c\xa8\xb1\x7b\x8d\xe3\
\x41\x75\x01\xbd\x24\x52\xda\xd3\x8a\xd4\x17\x44\xa7\x20\x12\x89\
\x44\x4a\xc0\xcc\xf6\x94\xf4\x2f\xfa\xd4\x89\x00\xae\x30\xb3\x9f\
\x0f\xa2\x59\x45\x29\x92\x3a\x34\x1d\x38\x1b\x38\xa1\x59\x05\xd5\
\x65\x22\x69\x36\xe0\x8f\x78\x21\x6d\x08\x37\xe3\xaa\x37\xad\xe6\
\xf3\x54\xf7\xc7\xc8\xc3\xed\x66\xf6\x56\x59\x46\x24\xb9\xcd\x4f\
\x25\xaf\x2a\x12\xa7\xa1\xb7\x50\x79\x1e\xfa\xbe\x03\x33\x80\x37\
\x7b\x5f\x49\xb4\xa2\x13\x88\x91\x82\xe6\x11\x12\x29\x00\x77\x3e\
\x87\x94\x53\x90\xdc\x97\xf6\xaf\xf1\x76\xa1\xfb\xaa\xa4\x6d\x81\
\x75\xf0\x1e\x05\x6b\xe2\x4e\xfb\x76\x64\x34\x96\xac\x45\x74\x0a\
\x22\x91\x48\xa4\x24\x52\xea\x44\xd3\x80\xaf\x67\x9d\x27\x69\x17\
\xe0\x2f\x45\x15\x22\x24\xcd\x0a\x2c\xd0\xc4\xc8\xc3\x36\x39\xcf\
\x6b\xeb\x42\xe2\x1a\x5c\x40\x58\xb1\x2e\xf8\x22\x66\xb7\x56\x15\
\x16\xa7\x08\x95\x22\xfd\x4b\xa9\x56\x0c\x40\xe2\x34\xbc\x94\xbc\
\x86\x02\xc3\x36\x52\x90\xdc\x67\x56\x05\x96\xc4\xd3\xc6\x9e\x2c\
\x59\x52\x38\xd4\x29\xe8\x2a\xd1\x86\x76\xe1\xab\xd4\x16\x00\x28\
\xba\xd9\xf2\x43\xaa\x0b\xb8\xd7\xa4\x80\x53\x10\x3b\x1a\x47\x22\
\x91\x48\x89\x98\xd9\x3d\xf8\x6e\xcd\x17\xb2\x9a\x41\x49\xda\x19\
\x77\x1a\xee\x90\xb4\x42\xc1\xe9\x4f\x25\x2c\x95\x64\x40\x24\xcd\
\x47\xb6\x14\x65\x25\x6f\xe0\xbd\x08\x36\xea\x24\x87\x40\xd2\xb7\
\x80\xaf\x05\x0e\x9f\x0a\x7c\xc9\xcc\x5e\x2f\xd1\xa4\x5c\x48\x1a\
\x41\x78\x8d\xc7\x35\x65\xda\x32\x0c\x19\xce\x91\x82\xad\xf0\x1d\
\xf9\x6b\x70\x67\x7a\xe5\x32\x27\x37\xb3\xd7\xf0\x82\xfd\xa2\x74\
\x95\x69\xc7\x60\x93\x44\x09\xbe\x5d\xe7\x94\xa2\xe9\x43\x0d\x77\
\x36\x8e\x4e\x41\x24\x12\x89\x94\x8c\x99\x4d\x31\xb3\x27\xd2\xc7\
\x93\x66\x59\x17\x25\x3f\xae\x83\xab\x13\xed\x96\x67\x4e\x49\x5b\
\xe1\xdd\x93\x57\x2d\xcd\xd0\xfe\xac\x47\xed\x42\x52\x03\x2e\x05\
\x56\x31\xb3\x4b\xcc\xcc\x6a\x9c\xd7\x76\x48\xda\x00\x38\xab\x81\
\x29\x0e\x30\xb3\xc1\x4a\x59\xf8\x2c\x61\x32\xa2\x13\xcd\x2c\x34\
\x6f\x3b\xe2\x84\x38\x05\x43\x22\x52\x00\xac\x91\xfa\xb9\x19\x1b\
\x00\x51\x81\x08\x8e\xc1\x53\x7c\x6a\x51\x34\x52\x90\x6e\x62\x06\
\xd1\x29\x88\x44\x22\x91\xf6\x23\xd9\x15\xba\x92\xfe\x8b\x8d\xb9\
\x80\xdf\x49\xca\x4c\x33\xaa\x18\xbb\x08\xbe\x28\x17\xb0\x7a\x93\
\x4c\x5c\xb2\xc6\xf1\xc7\x80\xcd\xcc\xec\xab\x83\xb1\x5b\xde\x08\
\x92\x96\xc0\x55\x91\x46\x07\x4e\xf1\x63\x33\xbb\xbc\x44\x93\x8a\
\x52\x8a\xea\x50\x24\x88\x61\x9b\x3e\x44\xf5\x3d\xa6\xaa\x49\x63\
\x09\x74\x07\x8c\xe9\x2a\xd9\x86\x41\x23\x89\x12\x0f\xd4\x5b\xa0\
\x8c\x48\xc1\x0a\x89\x14\x71\x2e\x62\x4d\x41\x24\x12\x89\xb4\x86\
\xaf\xe0\xd1\x81\x34\xdd\x78\x01\x6c\x3d\x4e\xa0\xaf\x40\x76\xb5\
\x3a\xe7\x35\xc2\xbd\x78\x51\x68\xef\x73\xe1\x43\xe0\x14\xe0\xb4\
\xd0\xee\x98\x83\x49\x92\x17\xfd\x47\xc2\x1b\x76\xfd\x0b\xef\x67\
\x30\x98\x84\xd6\x13\x44\xa7\xa0\x71\x86\x73\xfa\x50\xa5\x53\x30\
\xc5\xcc\x5e\x6e\xc2\x35\x42\x22\x05\x43\xa2\x81\x59\xb2\x41\xf4\
\x3b\x06\x16\x10\xa8\xd5\x0f\xa7\x16\x13\xf0\xb4\xaf\x89\xc9\xdf\
\x27\x02\xf7\x17\x29\xee\x8f\x4e\x41\x24\x12\x89\xb4\x80\xa4\x08\
\x19\xfa\xab\x13\x4d\x07\xf6\xa8\xa7\x12\x23\x69\x65\xfa\x17\x2c\
\x2f\x2f\x69\xb1\xb2\x1f\xd4\x66\x76\xaf\xa4\xcf\x01\x5f\xc6\x65\
\x29\x2f\x32\xb3\xe7\xcb\xbc\x46\x8b\x39\x0f\xf8\x54\xe0\xd8\x17\
\x80\x5d\xf2\x76\x13\x6d\x06\xc9\x4e\xe2\x2a\x01\x43\x5f\xc6\x1d\
\xbc\x48\x20\x89\x92\xd2\x98\x80\xa1\x1d\xef\x14\x48\x1a\x05\xac\
\x54\x71\xa8\x19\x51\x02\x08\x73\x0a\xe6\x96\x34\x5f\x99\xaa\x5a\
\x83\xc4\xf9\xe4\x13\x3d\x28\xb4\x19\x93\x48\x0a\x67\x6d\x3c\xe5\
\x26\xa6\x0f\x45\x22\x91\x48\x8b\x48\xe4\x49\x37\xa0\x2f\x74\x7e\
\x94\x99\xdd\x91\x3e\x4f\xd2\xc2\xc9\x6e\x12\xc0\x51\xf4\xdf\xc0\
\x11\xb0\x75\x93\xec\xbb\xd5\xcc\x0e\x30\xb3\xef\x77\xb2\x43\x20\
\xe9\x00\x60\xbf\xc0\xe1\xd3\x71\xa5\xa1\xc9\x25\x9a\x14\xc2\x17\
\x03\xc7\xfd\xb5\x93\x6a\x3e\xda\x94\x90\xd4\x21\x18\x1a\xe9\x43\
\x2b\x01\xb3\x56\xfc\xdc\x2c\xa7\x20\xb4\xe6\xa5\xab\x4c\x23\x5a\
\x8d\xa4\x63\x71\xb1\x86\x3c\xb4\x3c\x42\x1b\x9d\x82\x48\x24\x12\
\x69\x21\x66\xf6\x5f\x60\x6d\x7c\xb1\x7f\x6e\xfa\xfd\x64\xa7\xee\
\x6a\x5c\x9d\x68\x2c\xb0\x6b\xc6\x34\x7b\x34\xd5\xc8\x0e\x46\xd2\
\xa7\xc9\xf8\xbd\x16\xe0\x20\x33\xfb\x4f\x59\xf6\x34\x40\xac\x27\
\x18\x3c\x42\x52\x87\x60\x08\x44\x0a\xa8\xde\x69\x6e\xa7\x48\x01\
\x74\xb0\x53\x20\xe9\x68\xe0\xe4\x02\x43\x8a\xa6\x0f\x35\x4c\x4c\
\x1f\x8a\x44\x22\x91\x16\x63\x66\x53\x80\x33\x6a\xbc\x7d\x32\xae\
\x04\x04\xde\xed\x35\xab\x48\x6c\x63\x49\x2b\x9b\xd9\x63\xcd\xb0\
\xaf\x53\x49\x0a\xb2\xaf\xa2\xff\x4e\x67\x11\x2e\x34\xb3\x8b\x06\
\x3e\xad\xb9\x48\x9a\x1f\x57\x1e\x2a\xca\xfb\xc0\x2d\x25\x9b\x33\
\x1c\x19\xce\x91\x82\x4f\xa7\x7e\x6e\x96\x53\xd0\x1d\x38\xae\xab\
\x44\x1b\x5a\x82\xa4\x91\xb8\x9c\x74\xd1\x1a\xa5\x18\x29\x88\x44\
\x22\x91\xe1\x8a\xa4\xad\xe9\xaf\x5b\x5d\x4b\x35\x42\xd4\xee\x82\
\x39\x2c\x49\xf2\xc0\xaf\xa0\xb6\x8a\xd2\x40\xdc\x85\x4b\xbe\xb6\
\x03\xdb\x12\xb6\x69\xf7\xf7\x4e\xe8\x2e\xdd\x01\x0c\xe7\x48\xc1\
\x67\x52\x3f\x37\xc5\x29\x30\xb3\x57\x71\x27\xb6\x28\xcb\x94\x6d\
\x4b\x33\x91\xb4\x20\x70\x03\x61\xa2\x05\x41\xdf\x65\x49\xf3\x49\
\xda\x58\xd2\x21\x92\x2e\x96\x74\x9f\xa4\x5c\x45\xda\x31\x52\x10\
\x89\x44\x22\x6d\x80\xa4\x85\x81\xcb\xf0\x05\x7f\x1e\xf6\x96\xf4\
\xdd\xb8\x08\xfc\x98\x73\x80\x8d\x02\xc7\x4e\x06\x76\x6e\x23\x95\
\xa5\xd0\xd4\xa1\xd8\xb0\xac\x1c\x86\x65\xa4\x40\xd2\x18\xfa\x77\
\xc4\xfd\x90\xf0\x34\x9f\x3c\x3c\x47\xf1\xbe\x2b\x1d\xa3\x40\x24\
\xe9\xf3\xc0\x2f\x09\xdf\xa8\x28\x7c\x3f\x4a\xd2\x4f\x5f\xa6\x3a\
\x5a\xba\x16\x39\xea\x38\x62\xa4\x20\x12\x89\x44\xda\x80\x64\xe7\
\xec\x58\x60\x5a\xce\x21\x0b\x00\x7b\x37\xcf\xa2\xce\x41\xd2\x9e\
\xc0\x41\x81\xc3\xa7\x03\xbb\x9a\xd9\x0b\x25\x9a\x14\x4c\x22\xa5\
\xba\x45\xc0\xd0\x99\xc0\x75\x25\x9b\x33\x5c\x19\xae\x91\x82\x75\
\xe9\xdf\xd3\xe3\x51\x33\x9b\xd9\xc4\xeb\x75\x07\x8c\x69\xfb\x48\
\x81\xa4\xc5\x24\x5d\x06\xfc\x9d\x70\x87\x00\x02\x6a\x0a\xcc\x6c\
\x06\xd9\xcd\xe6\x72\x35\x31\x8b\x4e\x41\x24\x12\x89\xb4\x0f\x97\
\x03\x7f\xc0\x3b\x08\xe7\xe1\xb8\x0a\x95\xa2\x61\x89\xa4\xb5\x80\
\x0b\x1b\x98\xe2\x70\x33\xbb\xad\x2c\x7b\x4a\x60\x13\xbc\xa9\x5d\
\x51\xee\x30\xb3\xd7\xca\x36\x66\x98\x12\xea\x14\x74\x74\xa4\x80\
\xd6\xd5\x13\xf4\x32\xa4\x7a\x15\x48\x9a\x5b\xd2\x71\xc0\xa3\xc0\
\x5e\x25\x4c\x19\x1a\xb9\xcc\x6a\x62\x36\x2e\xcf\xc0\xe8\x14\x44\
\x22\x91\x48\x1b\x20\x69\x29\xe0\x0e\x60\x77\xf2\xa7\x10\x2d\x09\
\x1c\xd0\x34\xa3\x4a\x46\xd2\xac\x92\xd6\x2f\x71\xbe\x05\x81\x3f\
\x53\xbb\xf6\x62\x20\x2e\x33\xb3\x9f\x94\x65\x4f\x49\xc4\xd4\xa1\
\xc1\x27\x24\x7d\x68\x06\x90\xbb\x49\x54\x9b\xb2\x41\xea\xe7\x76\
\x74\x0a\xe6\x96\x34\x5f\xe9\x96\x34\x80\xa4\xb9\x12\x65\xa1\x67\
\x80\x1f\x10\x9e\x7e\x06\x1e\x3d\xf9\x39\xde\xb8\xf0\xac\xc0\x39\
\xb2\x9c\x82\x5c\x91\x82\x58\x53\x10\x89\x44\x22\x83\x8c\xa4\x65\
\x80\x7f\x12\xb6\x0b\x76\x82\xa4\x8b\x8a\x74\xad\x1c\x44\x7e\x0c\
\xec\x2f\xe9\x26\xe0\x08\x33\x9b\x18\x3a\x51\xa2\xe8\xf1\x6b\xc2\
\xd3\x09\x1e\x00\x0e\x0c\xbd\x7e\x13\xd9\x26\x70\x5c\x94\x22\x2d\
\x8f\x90\x45\xdd\x3b\x9d\xdc\x1f\x22\x89\x38\x6e\x9a\x3a\x9c\x95\
\x86\x52\x26\xdd\x81\xe3\xba\x80\x41\x6f\x60\x26\x69\x35\xbc\x53\
\xfd\xfe\x40\xa8\xa3\x32\x13\xbf\x17\x5d\x0b\x5c\x63\x66\xf7\x95\
\x60\xda\x04\x80\xb9\xe0\xd9\x4d\xe1\xa5\x95\xe0\xf5\x65\x60\xf2\
\x04\xe9\x4b\xa3\x61\xd2\x6a\x66\x4f\xd6\x1a\x18\x9d\x82\x48\x24\
\x12\x19\x44\x24\x2d\x0e\xdc\x4a\xb8\xd4\xde\xbc\xc0\x9d\x92\x3e\
\x6d\x66\x55\x39\xa8\x8f\x4a\x0b\x7c\xe8\x9d\x71\xe7\x1d\x01\xef\
\x4c\x87\x27\xc7\x97\xdc\x0d\x39\x0f\x92\xbe\x46\x9f\x62\xd2\xe6\
\xc0\x7d\x92\x2e\x06\x4e\x32\xb3\x17\x03\xa6\x3c\x9d\xb0\xdc\x7b\
\x80\xd7\x81\x2f\xb6\x9b\x23\x25\x69\x1d\xc2\x9c\x9c\x47\xa3\x3c\
\x6d\xa9\x84\xa4\x0f\x75\x7a\x3d\xc1\x26\x54\x47\xdc\x9a\x1d\x29\
\xe8\x0e\x1c\xb7\x2c\x70\x7f\x89\x76\xe4\x26\x11\x84\xd8\x01\xd8\
\x97\x7c\x5d\x89\xb3\x78\x03\xaf\x37\xb8\x06\x57\x0c\x2b\xd5\xc1\
\xb9\x15\x98\x0b\x6e\x1a\x05\x1b\xd3\xff\x7e\xf2\xf5\x19\xc0\x44\
\x69\x92\xc1\xf9\x8f\xc3\x2f\x76\x4e\xd5\x8c\x44\xa7\x20\x12\x89\
\x44\x06\x89\x0a\x19\xcd\xae\x06\xa7\x1a\x87\xeb\xda\xdf\x0c\x70\
\x9f\x34\x7a\x34\xec\x2d\xd8\xdf\x60\xfc\x88\x8a\x54\xd1\xd1\xc0\
\x44\xe9\x41\x83\xdf\x08\xce\x1b\x67\x16\x22\x0b\x58\x88\x64\xb1\
\x7b\x41\xea\xf0\x28\xdc\x49\xd8\x4b\xd2\x05\xc0\xa9\x66\xf6\x7a\
\xce\xf9\xbe\x06\x1c\x1e\x68\xce\x4c\xbc\x63\x71\x33\x55\x55\x42\
\xd9\x2e\x70\x5c\x8c\x12\x94\x4b\x50\xa4\xa0\x74\x2b\x5a\xcb\xf6\
\xa9\x9f\x67\x00\x35\x77\x94\x4b\xa2\x3b\x70\x5c\x57\x89\x36\x0c\
\x48\x92\xa6\xb8\x35\xb0\x33\xbe\x11\x31\xba\xfe\x88\x4c\x9e\x26\
\x89\x06\x00\xb7\x99\xd9\xf4\xf2\x2c\x74\xee\x94\xc6\xcc\x01\x3f\
\x9d\x6f\x60\x01\x8a\xb1\x82\x9f\xad\x0c\xdf\x7c\x40\xda\x69\x2d\
\xb3\x27\x7a\xdf\x88\x35\x05\x91\x48\x24\x32\x78\x9c\x0a\x94\x95\
\x63\x7f\x8a\xa4\x51\x0f\x4a\x9f\x18\xed\x3b\x7c\x17\x99\xab\x89\
\x64\xdd\xe7\xd7\x10\x9c\x02\x3c\x3e\x41\xda\xb6\xa4\xeb\xd7\x63\
\x2d\xe0\xbd\x1a\xef\x8d\x01\x8e\x00\x9e\x92\x74\x96\xa4\xae\x7a\
\x13\x49\xda\x89\xc6\x0a\x8b\x8f\x31\xb3\x9b\x1b\x18\xdf\x4c\x62\
\x3d\x41\x7b\x10\x12\x29\xe8\xd8\x22\xe3\x64\x73\x62\xa7\xd4\xe1\
\x27\xcd\x2c\xaf\x12\x5a\x28\x93\x09\xeb\xda\xdb\x55\xb2\x1d\x55\
\x48\x5a\x4b\xd2\x77\x25\xdd\x89\xdb\x79\x29\xde\x3f\x24\xaf\x43\
\xf0\x21\x1e\x0d\x38\x18\x58\xd6\xcc\x96\x37\xb3\x43\xcc\xec\xa6\
\x66\x38\x04\x13\xa5\x39\xe6\xf0\x20\x41\x11\x45\xba\x71\x23\xe0\
\xce\x09\xd2\x27\x7b\x0f\xa8\x83\x53\xe0\x22\x91\x48\xa4\x63\x49\
\x9a\xc9\x1c\x82\x6b\x75\x3f\x9b\xbc\xde\x4c\xde\x9e\x03\x2f\x22\
\x5e\x24\xf9\x73\x71\x5c\x3f\x7c\x2d\x60\xce\x5a\x73\x1e\x08\x97\
\x7d\x03\x76\x01\x8a\x28\x12\xcd\x14\x1c\x3a\xb6\xc9\x05\xb7\x92\
\xe6\x04\xbe\x81\x3b\x00\x8b\xd6\xb3\x07\xdf\xf9\xfe\x03\x70\x43\
\x6f\x68\x5d\xd2\x02\xc0\xd1\xc0\x61\x84\x47\xb9\xaf\x00\xbe\xdc\
\x8e\xb9\xdf\x92\x96\x00\x9e\x27\x7f\x91\x79\x2f\x6f\x00\x8b\x34\
\x59\x3a\x72\x58\x21\xe9\x36\x60\xc3\x82\xc3\xae\x35\xb3\x50\xa7\
\x6e\x50\x91\xb4\x1d\xf0\x97\xd4\xe1\x3f\x99\xd9\x0e\x2d\xb8\xf6\
\xa3\xc0\xca\x05\x87\x5d\x63\x66\xa1\x51\xb5\x5a\x76\xcc\x8e\xd7\
\x54\x6c\x8b\xd7\xf5\x84\x48\x89\xbe\x04\x5c\x8f\x4b\x03\xdf\x68\
\x2d\x88\xc2\x02\x20\x69\xa2\x0b\x2e\x84\xfe\x4e\x5e\x1c\x01\xe3\
\xd7\x30\x9b\x1c\xd3\x87\x22\x91\x48\x64\x10\x30\xb3\x67\x80\x43\
\xeb\x9c\x32\x29\x7d\x40\xd2\x08\x60\x45\x60\x3d\xe0\x3b\xc0\x52\
\x24\x4d\x6a\xd6\x00\xbe\xe6\x45\x6f\x45\x19\x69\x70\xee\x44\xe9\
\xd9\x71\x66\x4d\xdb\x71\x36\xb3\xf7\x80\x33\x25\x9d\x0f\xec\x07\
\x1c\x03\x2c\x96\x65\x0f\xf0\xa5\xe4\x35\x53\xd2\x6b\xf8\x6e\x62\
\x17\xc5\x17\xcc\x95\x4c\x02\xf6\x6d\x47\x87\x20\x61\x7b\xc2\xfe\
\x7d\x7f\x8d\x0e\x41\xe9\x0c\xb7\xf4\xa1\xaf\x66\x1c\x6b\x76\x3d\
\x41\x2f\xdd\x14\x77\x0a\x56\x2a\xe3\xc2\x92\x16\xc1\xd3\x81\xb6\
\x05\xb6\xa2\xce\x86\x4b\x1d\x1e\xc6\x23\x75\xd7\x02\xff\x19\x8c\
\xfb\xcb\x04\xd8\x59\xe1\x0e\x01\xc0\x12\x3d\x70\x2e\xb0\x5b\x8c\
\x14\x44\x22\x91\x48\x07\x22\x49\xb8\x9e\xfd\xf2\xb3\xc0\xf6\x7f\
\x82\xa3\x97\x2c\x16\x21\x48\xf3\x96\x60\xf9\xb1\x25\x17\xbd\xd5\
\x22\xd9\x99\xdb\x0f\x6f\xd8\xb6\x70\x93\x2f\xf7\x16\xf0\x49\xab\
\xa3\xba\x31\xd8\x48\xba\x01\xd8\x32\x60\xe8\x0e\x66\xf6\xa7\xb2\
\xed\x19\xce\x48\x7a\x9a\xe2\x4a\x60\x3f\x35\xb3\x6f\x36\xc3\x9e\
\x66\x92\x44\x2c\x9f\xc0\x9d\xf1\x4a\xf6\x32\xb3\x5f\xb7\xe0\xfa\
\x17\xd2\x27\x40\x90\x97\x19\xc0\x9c\x45\x3b\x90\x27\x9b\x2a\x6b\
\xe3\x69\x7a\xdb\x02\xeb\x50\xdc\x11\xff\x00\xb8\x05\x77\x04\xae\
\x0b\x11\x49\x90\xb4\x32\x30\xbf\x99\xdd\x59\x74\x6c\xd6\x64\x13\
\xe0\x71\xc1\x0a\x0d\xce\xd4\x33\x13\xc6\xc6\x9a\x82\x48\x24\x12\
\xe9\x40\xcc\x79\xc7\xcc\xee\xbf\x07\x9e\x6f\xd0\x21\x00\x97\xd4\
\x3b\xac\x0c\xdb\xf2\x60\x66\x1f\x98\xd9\xb9\xf8\x2e\xe1\xc9\xd4\
\xae\x39\x68\x94\x1e\x60\xcf\x36\x77\x08\xe6\xc4\x95\x42\x8a\xf2\
\x11\x70\x53\xb9\xd6\x44\x18\x5e\xea\x43\x87\x52\xed\x10\x40\x6b\
\x23\x05\x45\x19\x45\xce\x68\x81\xa4\x79\x24\xed\x22\xe9\x52\xbc\
\x36\xe0\x5e\xe0\x78\x60\x3c\xf9\x1d\x82\xa7\x71\x39\xe5\x2d\xf0\
\xc5\xfc\x17\xcc\xec\xe7\x81\xaa\x69\x00\x2f\x03\xb7\x49\xba\x46\
\xd2\x8a\x81\x73\x00\x30\x11\x3e\x55\x82\x43\x00\x30\x62\x24\xec\
\x1e\x9d\x82\x48\x24\x12\xe9\x7c\x8a\x14\x97\xd5\xc4\x60\x5f\x3c\
\x02\xd1\x32\xcc\x6c\x8a\x99\x1d\x07\x2c\x0f\xfc\x04\x28\xbb\x08\
\xef\x64\x33\xbb\xbe\xe4\x39\xcb\x66\x4b\xc2\x9c\xba\x9b\xcc\xec\
\xdd\xb2\x8d\x89\x0c\x8f\xf4\xa1\x24\x7d\x66\x9f\x8c\xb7\x0c\xef\
\xca\xdb\x0a\x5e\x0a\x1c\xb7\x5b\xad\x37\x24\xad\x22\xe9\x08\x49\
\xb7\x00\xaf\xe1\xb5\x44\x5f\x01\x16\xcc\x39\xf7\x0c\xe0\x36\xe0\
\x28\x60\xb5\x8a\x22\xe1\x7f\x14\x8d\x4e\x64\x61\x66\xef\xe0\x8d\
\x2a\xb7\x05\x1e\x92\x74\xbe\xa4\x55\x03\xa7\xdb\xac\x51\x7b\x2a\
\xd8\x3c\xd6\x14\x44\x22\x91\x48\x07\xf3\x98\x34\x17\x5e\x63\x50\
\x06\x8b\x4f\x80\xd5\xd6\x84\x87\x4a\x9a\x2f\x37\x66\xf6\x2a\xf0\
\x2d\x49\x67\xe2\x5d\x41\xf7\xa4\xb1\x1a\x02\xf0\x3a\x82\x93\x1a\
\xb5\xad\x05\x84\x16\xa8\x46\x29\xd2\x92\x91\x34\x07\x61\x85\xec\
\x9d\xa8\x3e\x74\x22\xd9\x79\xf4\xcf\xb5\xac\x48\x16\x5e\x0d\x1c\
\x77\x94\xa4\x69\xf8\xe2\x7d\x56\x7c\xb7\xfc\x13\xf8\x22\x79\xa9\
\x80\xf9\xde\x00\xfe\x86\xd7\x06\x94\xde\x3b\x20\x83\xbf\x01\x1b\
\xe1\x6a\x46\xdf\x04\xbe\x29\xe9\x0e\xfc\x3b\x7d\xbd\x99\x55\xd5\
\x94\x65\x61\xb0\x7c\x89\xbb\x38\xcb\x46\xa7\x20\x12\x89\x44\x3a\
\x98\xa9\xb0\xfc\x88\x12\xe5\xa5\xe5\x8d\xce\x5a\xee\x14\xf4\x92\
\xf4\x0f\xf8\x4a\xd2\xbb\xe0\x0c\x1a\x93\x6c\x3d\xda\xcc\x66\x94\
\x63\x59\x73\x48\x3a\x33\x6f\x1d\x30\xd4\x70\x95\x93\x48\xb9\x84\
\x44\x09\xa0\xc3\x22\x05\x49\x5e\xfb\xbe\x35\xde\x6e\x55\xea\x10\
\xf8\xae\x7c\x08\xa3\x80\x13\x1a\xbc\x76\xd3\x7b\x07\xd4\xe1\x2a\
\x3c\x6d\xb2\xf2\xde\xfd\xd9\xe4\x75\xaa\xa4\xe7\x71\x25\xa3\x3b\
\xf1\x46\x6d\x8f\xa4\xed\x93\xb4\xf0\xfd\x30\x57\x89\x4e\xc1\xdc\
\xd1\x29\x88\x44\x22\x91\x0e\x46\x5e\x0b\x50\x1a\x16\x96\x4f\x5d\
\x3a\x66\x76\x17\xb0\x81\xa4\xed\xf1\x7e\x0e\xab\x14\x9c\x62\x3a\
\x49\x33\xb7\x36\x67\x3d\xf2\xa7\x35\x54\x72\x4f\x03\x39\xcd\x91\
\xda\x84\x7e\xfe\x3b\x26\x52\x90\x14\xdc\xfe\x8c\xda\x11\x91\x87\
\x5b\x68\x4e\xb3\x45\x06\x2a\xf9\x10\xd7\xf2\xbf\x16\x2f\x12\xee\
\x6e\xe1\xb5\xfb\x61\x66\x4f\x49\xba\x96\xda\xaa\x41\x4b\x01\x07\
\x24\x2f\x80\x8f\x24\x3d\x08\x3c\x08\xbc\x82\xd7\x47\xbc\x39\x09\
\x16\x5f\xb3\x3c\xb3\x5e\x8b\x4e\x41\x24\x12\x89\x74\x30\x2a\x79\
\x31\x52\xf6\x7c\x8d\x62\x66\x7f\x91\x74\x1d\xbe\xab\x79\x02\xf5\
\x7b\x1c\x54\x32\x0a\x77\x98\x26\x37\xc9\xb4\xb2\x88\xa9\x43\xed\
\x45\x68\xa4\xa0\xad\xbe\x37\x03\x70\x24\xf5\x0b\xdb\x5b\x19\x29\
\xd8\xa2\xc9\xf3\xbf\x84\x47\xd4\xae\xc3\x6b\x70\x5a\x95\x16\x95\
\x87\x73\xc8\x2f\x25\x3a\x2b\x5e\x1c\x3d\xbe\xf2\xe0\x0d\x40\x89\
\x4e\xc1\x13\xb1\xd0\x38\x12\x89\x44\x3a\x98\x1e\x0f\x81\x97\x96\
\x22\x73\x06\x2c\x26\x69\x87\x64\x37\xb1\x2d\x30\xb3\x19\x66\x76\
\x21\xde\xa3\xe1\x44\x20\xcf\x83\x5d\xc0\x69\x4d\x35\xac\x1c\x42\
\xf5\xc5\xa3\x53\xd0\x1c\x42\x9d\x82\x8e\x28\xf8\x96\xb4\x36\x03\
\xd7\xd9\xb4\xa4\xc8\x58\xd2\x7a\xc0\x1e\x25\x4f\xdb\x03\xdc\x83\
\x2b\x0c\x7d\x02\x58\xd2\xcc\xf6\x37\xb3\xbf\xb4\x99\x43\x80\x99\
\xdd\x4a\x75\xd3\xb8\x42\x34\xae\x69\xda\x87\xe0\xda\xb6\xb9\xe9\
\x47\x22\x91\x48\xa4\x38\x6b\x99\x4d\xc1\x1f\x82\x0d\x23\x78\xf9\
\xb7\x70\x20\xf0\x47\xe0\x09\x49\x87\x48\x1a\x53\xc6\xdc\x65\x60\
\x66\xef\x99\xd9\x09\xb8\x1c\xe1\xcf\xf1\xee\xc7\xf5\xd8\x5b\xd2\
\xa9\x6a\xb1\xa2\x52\x5e\x24\xad\x42\x58\x23\xa6\x67\xf3\x16\x22\
\x46\x0a\x13\x9a\x3e\x34\xa5\x54\x2b\x9a\x80\xa4\xff\xdf\xde\x9d\
\xc7\xd9\x55\x97\x77\x1c\xff\x7c\x43\xc2\x12\xa8\x04\x08\x6b\x80\
\x20\x0a\x08\x92\x45\x91\x4d\x81\x6a\x0d\x2e\x08\xd2\x8a\xa0\x54\
\x04\xac\xaf\x0a\x55\xd2\x2a\x75\x01\xa5\x35\x5a\xb1\x08\x96\x97\
\x54\x45\x0b\x58\x10\x4a\xc5\xad\x88\x80\x20\x8b\x45\x36\x41\x4d\
\x21\x0b\x20\xad\x84\x25\x90\x10\x16\x01\xd9\x49\x98\x6f\xff\x78\
\xce\x4d\x6e\xce\x9c\xc9\x5d\xe6\x4c\xe6\xce\xe4\x79\xbf\x5e\xf3\
\xca\xcc\xb9\xe7\x9c\xfb\xcb\x64\x92\xfc\x9e\xf3\x7b\x7e\xcf\xb3\
\x15\x31\x09\x5d\xa7\xc5\xa9\x43\xbe\x52\x50\xa4\x05\x5e\x49\x3d\
\xfb\xa1\x9e\x01\xfe\x8b\x58\x4d\x9c\x64\x7b\x0f\xdb\x5f\xb4\x3d\
\xbb\x87\x9b\x15\x22\x69\x1b\xe0\x7c\x22\x1d\xa8\x1b\xbe\x0f\x2e\
\x7a\x31\x2a\x19\x0d\xd6\xf3\xcb\xe0\xfb\x19\x14\xa4\x94\xd2\x08\
\x27\x38\xb7\x8e\xfb\xdc\x01\xb7\xf4\xc1\x2e\xc5\x97\xdb\x03\x5f\
\x03\xee\x95\xb4\x47\x1d\xf7\xaf\x8b\xed\x45\xb6\x8f\x21\x96\xd2\
\x5b\xed\x1b\xf8\x0c\x70\x9e\xa2\x4a\x53\xaf\x39\xb8\xcb\xeb\x06\
\xf5\x74\x31\xad\x52\xb7\x41\x41\x4f\x6f\x34\x2e\x7e\xfe\x2f\xa7\
\x75\x65\x9e\x25\xb6\x1f\x1f\xc2\x71\xec\x22\xe9\xa7\xc0\x4f\xe8\
\xae\x83\x70\x43\xa3\x77\xc0\xdb\x80\x89\xb6\x0f\xb1\xfd\xef\xb6\
\xbb\x9d\x60\x0f\x39\x49\xeb\x4b\x7a\xb7\xa4\x7f\x95\x74\x17\xf0\
\x00\xf0\x75\xa2\x7b\x7b\xa7\xdf\xf3\x87\x81\x83\x6c\x1f\x3e\x1b\
\x4e\x27\x0a\x0f\x0c\xc6\xe9\xaf\xb3\x17\x65\x50\x90\x52\x4a\x23\
\xdc\x4b\x70\x1e\x70\xef\x20\x6f\xf3\xc4\x4c\x98\x54\x71\x7c\x6d\
\x56\xef\xc6\xc3\xb6\xd9\x9e\x63\x7b\x06\xb0\x3f\x51\x7e\x74\x20\
\x47\x02\xf3\x24\xbd\x65\xf5\x8c\xac\x6d\xef\xed\xf2\xba\x4c\x1d\
\x1a\x3a\xa3\xae\xfa\x90\xa4\x8d\x89\xf4\xf3\xe9\x6d\x9c\x5e\xfb\
\x2a\x81\xa4\xb5\x25\x1d\x2a\xe9\x52\x60\x2e\xdd\xed\xa3\x79\x19\
\x98\x4d\xa4\x0f\xbe\xa1\xa9\x77\xc0\xd5\x75\xf4\x0e\x58\x4d\x5e\
\x47\x04\xf4\x33\x59\x51\x38\x61\x2b\x22\xf5\x6c\x4f\xda\x6f\xe0\
\x78\x15\x30\xd5\xf6\xe5\x00\xc7\xda\x3f\x16\x7c\x69\x10\xe3\xba\
\xf5\xd9\xa8\x84\x54\x5f\x19\xbb\x94\x52\x4a\xc3\x63\x37\x7b\xa9\
\x22\x37\xf7\xa5\x2e\x6f\xe1\xeb\xe1\x8c\xc7\xa0\x6a\x45\xe0\x4c\
\xdb\xfd\xfe\xb3\x1a\x6c\x27\xce\x3a\xd9\xbe\x06\x78\x3d\xf0\x31\
\xa2\x59\x51\x95\xc9\xc0\x35\x92\xbe\x53\x34\x6d\x1a\x56\x45\x6e\
\xf7\x1b\xba\xb8\xf4\x69\xe0\x86\x9a\x87\x93\x56\xe8\x66\xa5\xe0\
\x79\xdb\xdd\xfe\xdd\x1b\x52\x45\xca\xd0\x7f\xd3\x7e\x2f\x93\x5a\
\x82\x02\x49\xeb\x4a\x3a\x48\xd2\xb9\x44\x07\xdf\x1f\x10\xcd\xba\
\xaa\xba\x27\x0f\xe4\x71\xe0\x42\xe0\x70\x60\x53\xdb\x6f\xb0\x3d\
\xcb\xf6\xec\x3a\xc6\x38\x14\x8a\xc6\x69\x33\x25\xfd\x5d\xc5\xcb\
\xb7\x52\xbd\xf7\x64\x06\x30\x9e\xf6\x56\x4e\xce\x06\xde\x65\x7b\
\xa5\x7f\xe7\xa6\xc0\x2c\x47\x4a\x65\xa7\xe6\x8d\x81\x83\xf7\xb6\
\x9f\x87\x0c\x0a\x52\x4a\x69\x54\x98\x62\xff\x4a\xd1\x9d\xb4\xd3\
\xc9\x89\x0d\x9f\x9d\x09\xdf\x24\x36\x20\x3e\xd6\xf4\xda\x0b\xc4\
\xf2\xf6\x4a\x24\xbd\x01\xb8\x5b\xd2\xcf\x25\xcd\xe8\x7a\xd0\x35\
\x2a\x36\x23\x9f\x49\xa4\x3d\x7d\x81\x18\x7b\xd9\x18\xe2\x7b\x74\
\x8f\xa4\x59\x92\x5a\xe5\x56\x0f\xa5\xcf\x77\x79\xdd\xb5\xbd\x3a\
\x01\x1d\x25\xba\x49\x33\xeb\xc9\x55\x02\x49\xfb\x12\x13\xd1\xa9\
\x1d\x5c\xd6\x75\x50\x20\x69\x33\x49\x47\x49\xfa\x01\xd1\x94\xec\
\xa7\xc0\xd1\xc0\xc6\x1d\xdc\x66\x3e\x51\x20\x60\x5f\x60\x73\xdb\
\x47\xd8\xbe\x68\x35\x34\x13\xeb\x9a\xa4\xa9\x92\xce\x2d\x7a\x0b\
\xdc\x45\xa4\x35\x7d\xba\xbc\x97\xa9\xe8\x33\x70\x5d\xc5\x2d\xf6\
\x07\x0e\x69\xf1\x36\x06\x4e\x2c\x36\x4d\xf7\x2f\x2c\x61\xf7\x4d\
\xb3\x8f\x11\x1c\x47\x7b\xfb\x5b\xfa\x1c\x2b\xcc\x7b\xef\x6a\x2f\
\xaf\xd0\x96\x41\x41\x4a\x29\x8d\x12\x53\xec\x0b\x0d\xef\x20\x72\
\x55\xdb\xf1\x14\x70\xd8\x34\xfb\x14\xdb\x8f\xd9\xfe\x3c\xb0\x1d\
\xb1\xbc\x7d\x2f\x70\xbe\x9b\xfe\xc3\x68\xf2\x29\xa2\xba\xcf\xdb\
\x80\xab\x25\xcd\x96\xd4\x6d\x2a\x4c\xad\x9a\x36\x23\xef\x02\x5c\
\x3c\xc0\x69\xeb\x13\x93\xf2\x79\x92\xde\xb3\xba\xc6\x06\xa0\x70\
\x12\xdd\xef\x27\xe8\xd9\xa7\xa4\xa3\xc4\x84\x2e\xae\xe9\xa9\x72\
\xa4\x92\xc6\x49\x9a\x45\xac\x10\x6c\xdd\xe1\xe5\x5d\xa5\x0a\x4a\
\xfa\x0a\xb1\x22\x70\x1e\x70\x28\xed\x07\x57\x2f\x10\x1b\x8e\x8f\
\x03\x5e\x69\x7b\x8a\xed\x13\x6c\xdf\x68\xbb\x55\x21\x81\x5e\xf1\
\x0a\x22\xf8\x69\xfe\x5e\x6f\xc5\x8a\xfd\x59\xcd\xae\x29\x7d\xfd\
\x12\x31\xe1\xaf\x3a\xb7\x61\x19\xf0\x01\xdb\xa7\xb4\x1a\xc8\x14\
\xfb\x9b\x2f\x47\xf1\x82\x2f\x50\x1d\xe0\x3d\x6c\x38\x4f\x30\x7d\
\x9a\xfd\xa1\xa9\xa5\x8a\x4c\xea\xe1\x8d\xd9\x29\xa5\x94\xba\xf0\
\x2b\x69\xbd\x0d\x60\xa6\x23\x97\xfe\xb5\x15\xa7\x3c\x60\x38\x7f\
\x0c\x9c\x3e\x65\x80\x27\x70\x92\xc6\x02\xeb\xdb\x7e\xaa\x74\x7c\
\x7b\xe0\x7f\xe9\x9f\x06\x70\x9e\xed\x0f\xd5\x31\xfe\x3a\x15\x2b\
\x19\x67\xb0\xea\xff\x74\x6f\x04\x8e\xb1\xdd\xd6\x84\x48\xd2\x1b\
\x89\xa7\xa0\x0b\x88\xe0\xe9\x5e\xe0\x21\x22\x18\x5b\x54\x7c\x3c\
\x07\x3c\x65\xbb\x4f\xd2\x86\x44\x7f\x85\x7d\x81\x0f\x02\xfb\x75\
\xf7\xbb\x01\xe0\xaf\x6d\x9f\x33\x88\xeb\xd3\x2a\x48\xfa\x3e\x70\
\x58\x87\x97\xfd\xd6\xf6\xee\x43\x31\x9e\x4e\x15\x3f\xef\x5f\xa5\
\xfb\xf2\xf5\x5b\x77\xd3\x14\x4f\xd2\x29\xc4\xa6\xfe\x76\x3c\x4a\
\x04\x02\x97\x02\x3f\xb7\xdd\x93\x2b\x2d\xb0\xbc\xd1\xdb\xeb\x89\
\x14\x9f\xfd\x81\x7b\x6c\x7f\xa4\x74\xce\x38\x62\x85\xb5\xbc\x1f\
\xe5\xe3\xb6\xcf\x28\x9d\xbb\x33\x91\x4a\x75\x0d\x70\x35\xd1\x49\
\xf9\x59\x49\xd7\x01\x7f\x5a\x31\x84\x3e\xe0\x48\xdb\x17\x76\x33\
\xfe\xd9\xd2\x86\xeb\xc0\xe4\x97\x61\xad\x71\xf0\xf8\x2e\xb0\x90\
\x55\x4c\xfc\xb3\x79\x59\x4a\x29\x8d\x32\x45\x7e\xe8\xa9\xc0\xa9\
\xb7\x4b\xdb\x8d\x85\x1d\x1c\x4f\x40\x9f\x31\x2c\x98\x6a\xdf\xdd\
\xea\x1e\xc5\x12\x75\xd5\x13\xd0\xbf\xa7\x7f\x40\x60\x62\x22\xd2\
\x73\x6c\x5f\x23\x69\x1a\x91\x36\x74\x32\xd5\xdd\x83\x27\x33\xf0\
\x5e\x84\x2a\x07\x02\x9b\x14\x1f\xab\x9c\x0c\x0e\x41\x35\xd4\x9e\
\xd9\xcb\x31\x4a\x75\xb3\xa7\x60\xd8\x57\x0a\x24\xed\x05\x7c\x19\
\x18\xcc\x66\xfa\xa7\x06\xd1\x25\xbb\x55\xa1\x83\x3b\x89\x20\xe0\
\x32\xe0\xa6\x5e\x2e\x15\xda\x20\xe9\x30\xe0\x4c\xe2\xef\x79\xc3\
\x6b\x24\xa9\x79\xfc\xb6\x97\x4a\xfa\x25\xfd\x37\x50\xef\x4f\x3c\
\x90\xa0\xe9\xdc\xbb\x80\x29\x15\x6f\x57\x95\xb9\x63\xe0\xd8\x6e\
\x03\x02\x80\xdd\xe2\xa1\xce\xdc\x76\xcf\xcf\xa0\x20\xa5\x94\x46\
\xb1\xe9\xf6\x7d\xc0\x7d\x35\xde\x72\x2c\xb0\x14\x18\xd7\x74\xec\
\x72\xdb\x77\x94\x4f\x94\xf4\x25\x22\x9f\xf8\x74\xdb\xbf\xaf\x71\
\x0c\x1d\x29\x02\x9c\xb3\x24\x5d\x02\x9c\x46\x3c\xad\x6f\x78\x11\
\x38\xa4\xbc\x71\xaf\x85\x03\xeb\x1c\x5f\x87\x3e\x2a\xe9\x22\xdb\
\xb7\x0d\xe3\x18\x46\xb3\x4d\x5a\x9f\xd2\xcf\xb0\x04\x05\x92\xd6\
\x27\x52\x75\xfe\x8a\x58\x85\x1a\xac\xc1\x34\x2d\x2b\x07\x05\xcf\
\x01\xbf\x20\x02\x81\xcb\x07\x11\x6c\x0c\x39\x49\x1b\x01\x1b\xd8\
\x5e\x58\x7a\xe9\x21\xfa\xff\x3c\x34\xd2\x82\xca\xff\xde\x5d\xcd\
\x8a\xa0\xe0\x19\xe0\x97\x74\x56\x25\xec\x91\x8a\x63\xc7\xdb\x3e\
\xbb\x83\x7b\x0c\x5a\xee\x29\x48\x29\xa5\xd4\xb6\xa2\x3f\xc0\xb6\
\x44\xce\x6a\x63\x43\xdb\xa9\xe5\xf3\x8a\x94\x99\xe3\x88\x66\x68\
\x77\x4b\xba\x54\xd2\xde\x75\x8f\xa7\x93\xc6\x64\xb6\x97\xd8\x3e\
\x12\xf8\x33\x22\x05\x0a\xe0\x38\xdb\x6d\x37\x7f\x93\x34\x99\xea\
\x27\x7d\xab\xcb\x06\xc0\x2d\x92\xbe\x22\x69\xa7\x61\x1c\xc7\x68\
\xb5\x59\x17\xd7\xd4\xd6\x51\xbc\x15\x49\x1b\x49\xfa\x73\x49\xe7\
\x10\x39\xfc\xe7\x52\x4f\x40\x00\x83\xab\x3c\xd4\x48\xa3\x3b\x8b\
\xe8\xd2\xbd\xb1\xed\x83\x6c\x9f\xd5\x6b\x01\x41\x51\x22\xf5\xcd\
\x92\x4e\x96\x74\x2b\xb1\x4a\x78\x72\xc5\xa9\xbf\xa6\x7a\x13\x79\
\x55\x71\x85\x9f\x01\xff\x44\xa4\x00\x6d\x6c\xfb\x40\xdb\x9d\x54\
\x03\x2a\xef\x03\xfb\x96\xed\xaf\x75\x70\x7d\x2d\x72\x4f\x41\x4a\
\x29\xa5\xae\x14\x4f\xd8\x0e\xa9\xca\x71\x97\x74\x02\xf0\xcf\x15\
\x97\xed\x65\xfb\xd6\x1a\xc7\x70\x02\xf0\x4d\xdb\x55\xa5\xfe\x56\
\x75\xdd\x78\xe0\x60\xdb\xdf\xeb\xf0\xba\x3d\x89\x8d\xd6\x9b\x10\
\xa9\x48\x8d\x34\xa2\xb5\x3b\xb9\x4f\x8d\xe6\x10\x7b\x22\x6e\x21\
\x36\x21\xff\xbe\xa8\x72\x92\x3a\x24\x69\x03\x62\x12\xd8\x69\xce\
\xd7\x55\xb6\xdf\x3e\x04\xe3\x59\x9b\x48\x17\x7b\x0d\x91\xa6\xf6\
\x56\xa2\xd6\x7d\x27\x65\x3d\x3b\xf1\x19\xdb\xfd\x02\xfc\xd1\x46\
\xd2\x3f\x12\x0f\x35\x9a\x2d\x22\xf6\x53\xb8\x74\xee\x4f\xe9\x9f\
\x16\x74\xb9\xed\x5a\x57\x0b\x25\x1d\xc7\x8a\x4a\x6f\xb7\x03\x7b\
\x0e\x47\x95\xb1\x0c\x0a\x52\x4a\x29\xd5\xaa\x28\xf5\x79\x2f\xb0\
\x65\xe9\xa5\x39\xc0\xeb\xea\xca\x27\x96\xb4\x1e\xf1\x84\xed\x04\
\xdb\xdf\xa9\xe3\x9e\x83\x18\xcb\xe6\x44\x6a\xc1\xd6\x44\xd7\xd8\
\xad\x8a\x5f\xb7\x2b\x3e\x26\x31\x74\x93\xb9\x66\xcb\x88\x0d\xd0\
\xbf\x03\x7e\x4f\xfc\x39\x2c\x00\xe6\xda\x7e\x70\x35\xbc\xff\x88\
\x25\xe9\x40\x22\xdd\xa5\x53\x4f\x02\xdb\x77\x5a\x36\x53\xd2\xba\
\xac\xf8\x59\xd9\x96\xf8\x19\xd9\x8a\x28\xab\xbb\x13\xf1\x73\xb3\
\x3a\xd3\xbc\xdf\x6d\xbb\x9b\xdf\x7f\xcf\x91\x34\x89\x78\xa2\x7f\
\x8f\xed\x1b\x4b\xaf\xbd\x89\x08\xa4\xcb\x76\x2d\xa7\x41\x4a\x9a\
\x49\x94\x18\x7d\x8c\x48\x87\xba\x1a\xb8\xc6\x91\x96\x59\xe7\x78\
\xa7\x11\xc1\x80\x81\x7d\x6c\xdf\x5c\xe7\xfd\xdb\x95\x7b\x0a\x52\
\x4a\x29\xd5\xed\x5d\xf4\x0f\x08\x00\x4e\xad\x78\x12\x37\x0e\x38\
\x16\xf8\x6e\x17\x55\x48\x3e\x48\x3c\xad\xff\x6b\x60\x58\x83\x82\
\xa2\x74\xeb\x12\xa0\x32\xd7\xbf\xf8\x7d\x6e\x4a\x7c\x5f\xb6\xaf\
\xf8\x98\x4c\x3d\x41\xc3\x58\xa2\x24\xe1\x8e\xa5\xe3\x33\x81\x6f\
\xd4\x70\xff\x51\x49\xd2\x5a\xc4\x0a\x50\x37\x26\x00\x57\x4a\xfa\
\x32\x91\x82\xd3\x48\x27\xda\x10\xd8\xbc\xf8\x68\x4c\xfa\x27\x15\
\x9f\x6f\x45\xf5\xa6\xf7\xe1\xb2\x84\xe8\x11\x30\x62\x15\x55\xc1\
\xde\x47\x04\x03\x8d\x6a\x63\x17\xd0\x3f\x00\x68\xa4\x05\x95\xab\
\x05\xed\x4f\xff\xbd\x02\xdf\x07\x6e\x02\x6e\xb7\xdd\x57\xeb\x80\
\x57\x36\x97\x08\x3c\x7e\x3a\x5c\x01\x01\xe4\x4a\x41\x4a\x29\xa5\
\x21\x20\x69\x37\xe0\xef\x80\xbf\x24\x26\xbb\xf7\x01\x3b\x94\x1b\
\xef\x48\x3a\x8a\xa8\x6d\xfe\x34\x91\x1f\x7d\x5a\xbb\x4f\xb4\x25\
\xcd\x03\x76\x2d\xbe\x9c\x66\xbb\xed\x2a\x1b\xbd\xa6\x48\x15\x99\
\x0c\xbc\x8a\x08\x12\x5e\x55\xfa\x7c\xfc\x20\xdf\x62\x7b\xdb\xad\
\x2a\xc4\xac\x91\x8a\x54\xb2\xaf\x13\x1b\x76\x47\x9b\x3e\xe0\x61\
\x60\x21\x91\x22\xb3\x10\x78\xb0\xf8\xfc\x01\x62\x33\xed\x43\xb6\
\x5f\x1c\xb6\x11\xd6\x44\xd2\xe7\x81\x59\xa5\xc3\x8b\x81\x49\x15\
\x0f\x23\x2e\x21\xf6\x3e\x34\xf4\x11\x69\x88\x7f\x3b\xa4\x83\x5c\
\x85\x62\x9f\xc8\x89\x1d\x16\x3d\xa8\x77\x0c\x19\x14\xa4\x94\x52\
\x1a\x2a\x45\x5d\xee\x4f\x12\xb5\xdc\xbf\x55\x7a\x4d\x44\x4a\x51\
\xf3\xc6\xdd\x17\x89\x6a\x45\x9f\x6d\x71\xdf\x57\x03\xff\xd7\x74\
\xe8\x7c\xdb\x47\xd5\x33\xea\xde\x23\xa9\xb1\xc2\xd0\x08\x16\x5e\
\x4d\xac\x06\xec\x44\xeb\x46\x51\x77\xd8\xde\xb5\xc5\x39\x6b\x1c\
\x49\x5b\x10\x9d\x64\x3f\x4d\x3c\xbd\x1f\x69\x96\x12\x93\xde\xca\
\x89\x7e\xf1\xf9\xc3\x95\x1d\x70\x47\x20\x49\x3b\x12\x4f\xf3\x67\
\x00\x17\xda\xfe\x51\xe9\xf5\x81\xd2\x82\xa6\xd8\x9e\x5f\x3a\x77\
\x26\xf1\xef\xd2\xd5\x44\xcf\x80\x6b\x87\x73\x32\x5e\x8c\x69\xbc\
\xed\xe7\x86\x73\x0c\x99\x3e\x94\x52\x4a\x69\xc8\x14\x75\xb9\x3f\
\x3c\xc0\xcb\x07\xd0\xbf\x92\xcf\x3a\xc0\x1f\xda\xb8\xf5\x01\xa5\
\xaf\x8f\x90\x74\xba\xed\x39\x1d\x0e\x71\x44\xb0\xbd\x98\x98\x00\
\xde\x54\x7e\xad\xc8\x9f\xde\xa9\xf8\xd8\x19\x98\x0a\x4c\x67\x45\
\xcd\xfd\x51\x91\x27\x3e\x18\x92\x5e\x41\x04\x53\x53\x81\xdd\x88\
\x8d\xbb\x7b\xd0\xbb\x55\x18\x5f\xa0\x7a\xa2\xbf\xb0\xf8\xf5\x41\
\x60\xc9\x10\xa7\xb4\xf4\x04\x49\x9f\x22\x2a\x99\x35\x07\x6e\x4f\
\x03\x3f\x2a\x9d\x7a\x2b\xd5\x69\x41\x33\xe8\x9f\x1a\xf5\x2d\xdb\
\x5f\xa7\x87\x0c\x77\x40\x00\x19\x14\xa4\x94\x52\x1a\x3e\x9f\xac\
\x38\xf6\x14\x51\xd6\x70\x25\x92\x26\x02\x7f\x68\x9a\x04\x95\xbb\
\x7f\x8e\x01\xbe\x2d\x69\x1f\xdb\x2f\xd7\x3b\xcc\xde\x56\x94\x7c\
\x7c\x88\xd8\x08\xb9\x9c\xa4\x57\x12\xc1\xc1\x88\x4d\xab\xea\x94\
\xa4\x03\x88\xe0\xa8\x91\xc3\xbf\x1d\xb1\xc2\xd2\x4d\xff\x81\xa1\
\xf2\x2c\x03\x4f\xf4\x1f\x24\xd2\x79\x86\xf5\xa9\xf5\x70\x28\x0a\
\x07\xe0\x68\xbe\xd8\x6c\x3c\xfd\x57\x72\x66\x54\x34\x11\x5b\x56\
\x74\x06\x6e\xa4\x05\x2d\x25\xaa\x72\x2d\x2e\xbf\xd7\x68\x59\x3d\
\xa9\x5b\xa6\x0f\xa5\x94\x52\x1a\x16\x92\x8e\x24\x36\x77\x36\xa7\
\xb6\x9c\x6a\xfb\x33\x15\xe7\x5e\x41\x4c\xee\xfe\x05\x38\x9f\x28\
\xbf\xb9\x4b\xf9\x3c\xe0\xb3\xb6\xab\x4a\xa1\xa6\x35\x80\xa4\xdf\
\x13\x2b\x02\xc3\xe5\x05\xe2\xe9\xfe\x02\x62\x32\xba\xa8\xe9\xd7\
\xc6\xb1\xc5\x23\xa1\xa3\xef\x50\x93\x34\x86\x08\x5a\x1b\x29\x41\
\xfb\x00\xc7\xd8\x3e\xbf\x74\x5e\x27\x69\x41\xef\x07\xf6\x22\x52\
\x82\xae\xb3\xfd\xcc\x50\x8c\x7d\xb4\xca\xa0\x20\xa5\x94\xd2\xb0\
\x29\xf6\x15\xbc\x93\x08\x0e\xf6\x26\x36\xc4\x2e\x2a\x9d\x33\x95\
\x28\xd7\xd7\xa8\x1f\xbf\x84\x78\x7a\x58\x95\x4b\xff\x12\xb0\xfb\
\x48\xde\x74\x9c\xba\x27\x69\x09\xdd\x35\x20\x6b\xc7\x13\x0c\x3c\
\xd1\x5f\x44\xf4\x88\x18\x96\xee\xc6\xdd\xba\x5d\x9a\x20\xd8\xcc\
\x30\x7e\x5d\x58\xf8\x1a\xfb\xf1\xd5\xf5\xde\x92\x7e\x46\xfc\xdd\
\x6f\x76\x41\xd1\x60\xb0\xf9\xbc\xb1\xc0\xe3\xf4\x4f\x0b\xfa\xc4\
\x70\x34\xf8\x1a\xcd\x32\x28\x48\x29\xa5\xd4\x13\x24\x4d\xb6\x7d\
\x7f\xc5\xf1\x0b\x80\x23\x3a\xb8\xd5\xed\x44\x93\xb4\x11\x5f\x51\
\x25\x75\x46\xd2\x73\xc0\x7a\x5d\x5c\xda\x3c\xe1\x5f\x50\xf1\xf9\
\x03\x9d\x36\xc8\xeb\x55\xb3\xa5\x0d\xc7\xc1\xc7\x80\xf7\x10\xcd\
\xd0\x96\xef\xab\x10\x2c\xee\x83\x1f\x0b\xfe\x6d\x6a\xe9\x29\x7c\
\x37\x24\x4d\x00\xde\x02\xdc\x60\xfb\xb1\xd2\x6b\xdd\x54\x0b\x7a\
\x16\xb8\x9e\x58\x09\xb8\xc4\xf6\x3d\x83\x1d\x63\x5a\x21\x83\x82\
\x94\x52\x4a\x3d\x4b\xd2\xd6\xc4\xc4\x6c\x5c\xe9\xa5\xc5\x54\xf7\
\x42\x68\xf8\xae\xed\xa3\x87\x6a\x5c\xa9\xf7\x14\xbd\x06\xaa\x72\
\xc5\x9f\xa0\x7a\xa2\xdf\xf8\x7c\x61\xaf\x75\x81\x2e\xe7\xcb\xd7\
\x65\xae\xf4\x61\xe0\x34\x60\xa3\x16\xa7\xbe\x0c\xfc\xdb\xb3\xf0\
\xc9\xbd\xfb\xe7\xf8\xaf\x92\xa4\x7d\x80\xb7\x13\x29\x41\xbb\x13\
\x25\x89\x8f\x1a\x64\x5a\xd0\x5e\xc0\xba\xc0\xcd\xc3\xd1\xe9\x77\
\x4d\x91\x41\x41\x4a\x29\xa5\x9e\x25\xe9\x1d\xc0\x7f\xb0\xf2\x46\
\x51\x13\x4d\xa2\xaa\xf6\x14\x34\xfb\x94\xed\xaf\xb6\x7a\x8f\xf9\
\xd2\xab\x0c\xfb\x12\x4d\xa6\xc6\xf7\xc1\x7d\x82\x39\x53\xed\xff\
\xe9\x76\xdc\x69\xf5\x2b\x7a\x3d\x1c\x4b\x6c\xe2\x6d\xd4\xe4\x1f\
\x91\x15\x7a\x24\x1d\x06\x6c\x69\xfb\x8c\xba\x6e\x38\x37\x9a\xd7\
\x7d\xb4\xc3\x2b\x7f\x0d\x1c\x34\xd5\x7e\xa4\x83\xb7\xba\x81\xd8\
\x1f\xd0\xac\x93\xb4\xa0\x8f\xd8\x3e\xbb\xc3\x71\xa6\x1a\x64\x50\
\x90\x52\x4a\xa9\xa7\x49\x5a\x87\xe8\x54\xfa\x39\xa2\x36\x7f\x1f\
\xed\x95\x92\xec\x03\x0e\xb6\x7d\x59\xc5\x4d\xc7\xcc\x83\xf7\x1b\
\x4e\x64\xe5\x8d\xce\xcd\x16\x00\x67\x2c\x85\x6f\xed\xd6\x63\x4f\
\x92\xd3\x2e\xfd\x9f\x3e\x00\x00\x0b\x17\x49\x44\x41\x54\xe8\x26\
\x69\x5f\x22\x4d\xe6\x02\xe0\xa3\x83\xdd\x30\x3b\x57\x9a\x05\x7c\
\xbe\xcb\xcb\x6f\x5a\x0a\x6f\x69\xfc\x1d\x28\x7a\x66\xcc\x28\x3e\
\x4e\xac\xd8\x03\xd4\x69\x5a\xd0\x3e\xc0\xb5\x44\x4a\xd0\xd5\xd9\
\x64\x6f\xf8\x64\x50\x90\x52\x4a\x69\x44\x90\xf4\x25\x22\x30\xe8\
\xc4\x52\xe0\x4d\xb6\x7f\xd3\x38\x30\x5f\xda\xbc\x0f\x7e\x00\xec\
\xd7\xe6\x3d\xee\xe8\x83\xbf\x98\x6e\xff\x5f\xeb\x53\x53\x1a\x3c\
\x49\x5b\x11\x65\x4a\x21\x56\xc5\x8e\x70\x97\x2b\x57\x73\xa4\x3d\
\x14\xa5\x39\xd5\xf2\xe4\x01\x18\xbe\x34\x3d\x7a\x88\xbc\x93\x95\
\x83\xe8\xaa\xb4\xa0\x37\x52\xd1\x4f\x83\xea\xb4\xa0\x4d\x80\x27\
\x46\xe2\x6a\xce\x68\xd4\xab\x4d\x3b\x52\x4a\x29\xa5\xe5\x8a\xf2\
\xa5\x9d\x06\x04\x10\x7b\x11\xae\x2e\x72\x92\x99\x23\x4d\xea\x8b\
\x94\x88\x76\x03\x02\x80\xd7\x8e\x81\x5f\xcd\x95\x5e\xdf\xc5\xfb\
\xa7\xd4\x8d\xc5\x40\xa3\x99\xd5\xce\xc0\x6f\x24\x9d\x23\xa9\xe3\
\xce\xcb\x8a\x3d\x04\x5d\x07\x04\xc5\x3d\x3e\x3e\x31\xfe\xce\x94\
\x57\xd5\x66\x54\x9c\xfe\x6b\xa2\x89\x58\x83\x89\xce\xe5\x1b\x97\
\x4f\xb4\xfd\x78\x06\x04\xbd\x23\x83\x82\x94\x52\x4a\x3d\xad\x98\
\x08\x7d\x63\x10\xb7\xd8\x10\xf8\xf9\x36\xd2\x9b\x15\xdd\x7d\x3b\
\x9e\x58\x11\x7b\x1a\xfe\x6b\x76\x34\x51\x4b\x69\x48\x15\x69\x36\
\xb7\x34\x1d\x1a\x43\x74\x06\xbf\x47\xd2\x7f\x4a\xda\xad\x9d\xfb\
\xdc\x29\xbd\x9a\xce\x02\xe0\x81\x6c\x30\x13\x9e\xac\x38\x3e\xa3\
\x28\x2b\xbc\x5c\xd1\x18\xec\x7b\xc0\xb9\xc0\x07\x80\x2d\x6c\x4f\
\xb7\x7d\x7d\x0d\xe3\x48\x43\x28\x83\x82\x94\x52\x4a\xbd\xee\xdb\
\x54\xf7\x24\xe8\xc4\x2b\xde\x09\x57\x12\x25\x18\xbb\x35\x79\x1c\
\x7c\x79\x90\xe3\x18\xd1\x14\x93\xcc\xb4\x7a\x5c\x55\x71\x6c\x2c\
\x70\x38\xf0\x5b\x49\xbf\x90\xf4\x3e\x49\xe3\x07\xba\xc1\x32\x38\
\xb0\xae\xc1\xec\x07\x13\x2a\x0e\x6f\x09\xbc\xb6\x7c\xd0\xf6\xb1\
\xb6\xff\xca\xf6\x7f\xba\x83\x4d\xca\x69\x78\x65\x50\x90\x52\x4a\
\xa9\x67\x15\xd5\x87\xca\x0d\x8e\x3a\xb6\x0e\x70\x74\xfc\x32\x58\
\x47\xdf\x2e\x6d\x57\xc3\x7d\x46\xaa\x59\x45\x2a\x57\x1a\x7a\x57\
\xb4\x78\xfd\x2d\xc0\x45\xc0\x23\xc5\xea\xc1\xbb\x8b\x4d\xf9\xcb\
\x2d\x8b\xd4\xa3\x5a\x6c\x0c\x5b\xb3\x22\x2d\x68\x19\xb1\x6f\xe0\
\x0b\x54\xaf\x20\xa4\x11\x68\xec\x70\x0f\x20\xa5\x94\x52\x5a\x85\
\x13\x4b\x5f\x3f\x04\xcc\x06\xee\x05\xee\x07\x1e\x24\x4a\x4f\x36\
\x9e\x46\xbe\xcc\x8a\x89\xcb\x04\xa2\xcc\xe8\xc4\x8f\xc3\x3b\x36\
\x88\x86\x4d\x83\x35\x4e\x70\x08\xf0\x2f\x35\xdc\x6b\x24\x9a\x08\
\x9c\x23\x69\x91\xed\x6b\x86\x7b\x30\xa3\x99\xed\xb9\x92\x6e\x05\
\xf6\x6c\x71\xea\xfa\xc4\xea\xc1\xe1\xc0\x33\x92\x7e\x45\x4c\xd8\
\x6f\xbc\x19\xb6\xa9\x71\xa2\x37\x01\x38\x1e\x78\x18\xb8\xce\xf6\
\x1f\x5b\x9c\x9f\x46\x98\x0c\x0a\x52\x4a\x29\xf5\xa4\xa2\xb9\xd1\
\x7e\x44\x87\xe2\xef\x01\x3f\xb0\x7d\x5f\x07\xb7\x78\x82\x08\x1e\
\x98\x13\x2b\x0e\xf5\x8c\x0b\xde\x2a\xe9\xf2\xe2\xfe\x8f\xae\x61\
\x1b\x25\x37\x26\x36\x6f\xff\x50\xd2\x3e\xb6\xef\x18\xee\x01\x8d\
\x26\x45\xaf\x85\xad\x89\x7d\x2f\xdb\x02\x17\xd3\x3a\x28\x68\xb6\
\x01\xb0\x7f\xf1\xc1\x35\xd0\x77\x70\x7d\xc3\x7b\xce\xf6\x59\xf5\
\xdd\x2e\xf5\x9a\x0c\x0a\x52\x4a\x29\xf5\xaa\x75\x81\x9d\x6d\xff\
\x6e\xb0\x37\x12\xbc\xaa\x86\xf1\x34\x6c\x4b\x54\x53\x59\x1b\xe8\
\x93\xf4\x28\xb1\x52\x71\x94\xed\xdb\x56\x7a\x5f\x69\x07\xa2\x7b\
\xec\x62\x22\x80\x78\xa1\xc6\x71\x0c\x87\xc6\xde\x8e\x09\xc0\x7f\
\x4b\x3a\xc8\xf6\xad\x83\xbd\xe9\x6c\x69\xc3\xb1\xf0\x56\xc1\x7e\
\x86\x89\x8a\x2e\xb8\x0b\x81\xdb\xd6\x81\xcb\x76\xb2\x9f\x1e\xec\
\x7b\xf4\x02\x49\x7f\x42\xfc\xfc\xdc\x67\xfb\xd9\xd2\x6b\x67\x00\
\xc7\xb1\x72\x6a\xf7\xb9\x44\xf9\xdc\xc3\xba\x79\xbf\x07\xeb\x4d\
\x13\xbf\xa7\xc6\x7b\xa5\x1e\x94\x41\x41\x4a\x29\xa5\x9e\x64\xfb\
\xda\x1a\x6f\x57\xc7\x7e\x02\x00\xfa\x62\x42\xbc\x76\xf1\xe5\x18\
\x22\x45\x69\x73\xa2\x27\x42\xd9\xf1\x44\x97\x5d\x00\x24\x3d\x0d\
\x9c\x6d\xfb\xef\x9b\x4f\x92\xb4\x21\x51\xde\xf1\x11\xe0\x51\xa2\
\x13\xef\x13\x75\x8d\xb9\x46\xcd\x93\xf3\x4d\x81\x6b\x25\xfd\x8d\
\xed\x0b\xba\xb9\xd9\x6c\x69\xe2\x38\xf8\xcc\x38\xf8\x1b\x22\x0d\
\xa6\x5f\xed\xcc\x17\xe1\xf9\x79\xd2\x39\x6b\xc1\xac\x5d\xec\x3f\
\x74\x37\xec\xe1\x51\x54\xe6\xb9\x18\xd8\x8e\x08\x06\x36\x2a\x5e\
\xda\x17\xb8\xb1\x74\xfa\x53\xf4\x9f\xc4\x4f\x26\x36\x0b\x6f\x45\
\xff\x2e\xc1\xad\xbc\xb8\x00\xae\xa6\xa6\xcd\xc6\x8e\xe6\x62\x69\
\x14\xcb\xa0\x20\xa5\x94\xd2\x9a\xa0\xb6\x09\xf6\x52\xf8\x03\x30\
\xa9\xe2\xa5\xaa\x2a\x2b\x9b\x97\xbe\xfe\x13\xaa\x9f\xde\xee\x08\
\xfc\xa8\xf9\x80\xa4\x97\x80\x57\xd8\x7e\xb1\x74\xfc\x50\x62\x15\
\xe5\x51\x8a\x15\x08\xe0\x91\xa2\x14\xe4\x50\x7b\xaa\xf4\xf5\xfa\
\xc0\xf9\x92\xf6\xa7\xc3\xce\xbb\xf3\xa4\xbd\xc7\xc1\x0f\xa9\xfe\
\x5e\x36\x5b\xcf\x30\x73\x19\xbc\x6f\xbe\xf4\x17\xbb\xda\x37\x77\
\x38\xe6\xda\x49\xda\x91\xc8\xe1\xdf\xb6\xe9\xe3\x39\xdb\x2b\x55\
\xb7\xb2\x6d\x49\x7b\x10\x55\x7a\x9a\x55\x95\xc5\x7d\xa0\xe2\xd8\
\xb6\xc0\x0b\xc4\xca\x49\xbb\x5e\x04\xbe\x03\xfc\xf3\x9d\x71\xed\
\xcd\xc0\x0e\x1d\x5c\x5f\xc5\x63\x62\xc5\x22\x8d\x62\x19\x14\xa4\
\x94\x52\x1a\xf5\x0c\x73\x04\xef\xa9\xe3\x5e\x4f\xc4\x44\x7c\x4a\
\xe9\xf0\xcb\xc0\x63\x15\xa7\x6f\x56\x71\x6c\x49\x9b\xe7\xbd\x50\
\x0e\x08\x0a\x27\x01\x53\x4b\xc7\x8e\x03\xbe\xd9\x7c\x40\xd1\x6c\
\xed\x5d\xc4\xc6\xd0\x25\x44\xf0\xb0\xc8\xf6\xfd\x15\xf7\x6c\xd7\
\x43\x03\x1c\xff\x20\xb0\xa7\xa4\xc3\xdb\xe9\xbc\x3b\x5f\x7a\xa3\
\xe1\x5a\x22\xb8\x69\xd7\x66\x7d\x70\xed\x5c\xe9\x5d\x53\xed\x5f\
\x74\x70\x5d\xdb\x8a\x74\xaf\x9d\x88\x27\xf4\x8d\xc9\xfe\x25\xb6\
\x2f\x2a\x9d\xba\x03\x30\xab\x74\xec\x39\xaa\xdd\x4f\xff\xa0\x60\
\x72\xc5\x79\x55\x41\xc1\x36\xc4\x9f\xe1\xde\x03\x8f\x7a\x25\x3f\
\x06\x3e\x61\x7b\x61\xe3\xc0\xdc\xe8\x04\xfe\xdd\x36\xaf\x1f\xc8\
\x45\x53\xec\x79\x83\xbc\x47\xea\x71\x19\x14\xa4\x94\x52\x1a\xf5\
\x04\x3f\x27\xca\x27\x0e\xda\xcd\x30\x1f\x78\x5b\xe9\xf0\x63\x03\
\x6c\x38\xae\x9a\xec\x57\xad\x28\xb4\x7b\x5e\x27\xe7\xee\x03\x7c\
\xb1\x74\xec\x36\xa0\x5f\x67\x66\x49\x67\x02\x8f\x53\xac\x3a\x10\
\x81\xcf\xff\xb8\x7f\x2e\xff\xed\xc0\x51\x03\x8c\x6b\x47\xe0\x16\
\x49\xdf\x00\x66\x0d\x54\x9d\x66\xb6\xb4\xe5\x38\xf8\x09\x9d\x05\
\x04\x0d\xeb\x02\x17\xcd\x97\x76\xdb\xb5\x69\xe2\xdb\x4a\x91\xc6\
\xb3\x25\x2b\x4f\xf6\xbf\x5d\xf1\xfb\x3b\x85\xfe\xc1\xe3\xa3\x44\
\xe9\xcf\x66\x55\x81\xd5\x78\x49\x13\x6d\x97\x83\xc3\x07\x80\xbd\
\x4a\xc7\x5a\xad\x14\x2c\x03\x16\x15\xc7\x0e\xaf\x38\xb7\x6c\x11\
\xf0\x31\xdb\x3f\x29\xbf\x30\x15\xfe\x63\x2e\xbc\x17\x38\xa8\x8d\
\xfb\x54\x79\xd8\xf0\xa9\x2e\xaf\x4d\x23\x48\x06\x05\x29\xa5\x94\
\x46\xbd\xa9\xf6\xad\xf3\xa4\xdf\x18\x76\x1f\xe4\xad\x1e\x3e\x08\
\xfe\xe1\x0b\x31\xd9\xde\x82\xc8\xab\xdf\x8c\x15\x7b\x0c\xca\xd6\
\xab\x38\xd6\x6e\x50\xd0\x6f\x45\x41\xd2\x18\xa2\x2c\x68\xcb\x73\
\x07\xb8\x67\xbf\xf7\x96\xb4\x3e\x91\xd3\x5f\xb6\x1b\x50\x7e\xea\
\xbf\x61\xc5\x79\xcd\xc6\x01\x9f\x00\xde\x2f\xe9\xd3\xc0\x85\x45\
\x77\xde\xe5\xc6\xc2\xc9\xc4\xf7\xad\x5b\x9b\xf6\xc5\x3d\x96\xf7\
\x4b\x28\xea\xf3\x6f\x03\xac\x6b\x7b\x7e\xf3\xc9\x92\x26\x10\xab\
\x25\xe5\x7d\x25\x57\x11\x1b\xc6\x9b\x0d\x94\xc2\x53\x56\x75\x1e\
\x44\xd0\x51\x0e\x0a\xaa\x02\x88\xf2\xca\x01\xc0\x02\xa2\xda\xd6\
\x03\xc0\x43\x8d\x74\x30\x49\xf7\x0d\xf0\x5e\x0d\x67\x01\x9f\xb6\
\x5d\x4e\xed\x0a\x76\x5f\x9f\x74\xe4\x98\xd8\x13\xd0\x56\x27\xe4\
\x26\x4f\xf7\xc1\xbb\xa7\xdb\x03\xad\x10\xa5\x51\x24\x83\x82\x94\
\x52\x4a\x6b\x84\x3e\x38\x49\xd1\xd5\xb8\xbc\x97\xb5\x13\x27\xed\
\x66\x3f\x57\xcc\x72\x9f\x02\xee\x5e\xd5\xc9\xb6\xb7\x91\xb4\x2e\
\x31\x09\xde\x82\x98\xa8\x57\x55\xeb\xe9\x23\x26\xae\x9b\xb2\x22\
\x7f\xfc\xd1\x8a\xf3\x36\xa1\xfa\xff\xee\x76\xf6\x33\x40\xfb\xc1\
\xc3\x40\xe7\xbe\x66\x80\x73\xcb\xb6\x04\x2e\x00\xbe\x26\xe9\x66\
\xa2\xb7\xc4\xa3\xbf\x84\x4b\x27\x0c\xbc\xd2\xd0\x89\xbf\x3c\x40\
\xba\xf1\x0a\xf8\x10\x31\x11\xdf\x82\xf8\x73\xfd\x0d\xb0\x47\xf3\
\x89\xb6\x9f\x94\xb4\x94\xfe\x41\xc1\x64\xda\x0b\x0a\xfa\xa5\xfa\
\xd8\xfe\xa3\xa4\x27\x58\xb1\x71\xb8\x61\x5b\xe2\xf7\xda\xec\x32\
\xe2\x49\xfe\xfd\xc5\xfd\x1f\xb0\xdd\xef\xcf\xd6\xf6\x4b\xc0\x0d\
\xcd\xc7\x8a\x6e\xc5\x55\x41\x09\xc0\x33\xc0\x87\x6d\xb7\xcc\xf5\
\x9f\x6e\x3f\x39\x57\xfa\x53\xc1\xbf\xbb\xcd\x4a\x46\x82\x3b\x81\
\x43\xa6\xd7\x50\xfd\x2b\x8d\x0c\x19\x14\xa4\x94\x52\x5a\x23\x4c\
\xb3\xaf\x9a\x2b\x7d\x95\xee\x53\x21\x7e\x34\x35\x4a\x44\x76\xa4\
\x28\x43\xba\xb0\xf8\x18\xe8\x9c\xd3\x80\xd3\x8a\x34\x97\x4d\x8b\
\x8f\xaa\x8d\xc3\xeb\x02\xb7\xb0\x22\xc0\x18\x5f\x1c\x1f\x4c\x4a\
\x52\xd5\x79\xa6\x3a\x28\x19\x28\x80\x18\xc8\x26\x44\xda\xca\x41\
\xc0\xd2\x0d\x62\x62\x5e\x47\x99\xcc\xb5\x0e\x80\x37\x5d\xd1\x5e\
\x5a\x0e\xc4\x64\x7c\x97\x36\xce\x6d\x77\xa5\x00\xe0\x12\x22\x80\
\x7b\xa0\xe9\xe3\xb7\xe5\x93\x6c\x5f\x0f\x5c\x3f\xc0\x3d\x5a\xd9\
\x88\xea\x20\xf6\x77\xc0\x21\xb6\xef\x6c\xf7\x46\x53\xa3\x04\xea\
\xfb\xe6\x49\x67\x1b\x3e\x4b\xac\x4a\x54\x6d\x60\x5e\x00\x7c\x75\
\x2d\xf8\xce\x2e\x11\xa8\xa4\x35\x44\x06\x05\x29\xa5\x94\xd6\x18\
\x77\xc3\x89\x3b\xc2\x86\x82\x8f\x74\x78\xe9\x15\xcf\xc2\x91\x0c\
\x71\xa3\xb2\x22\xd5\xe6\x11\x06\xd8\x4f\x50\x6c\x20\x5d\xbe\xe9\
\xb4\x48\xfd\xd9\x82\xea\xea\x4a\xf3\x88\x74\x9f\x46\x8a\xd3\xc4\
\x01\xee\x5b\x35\xd1\x7f\xd2\xd5\x13\xc2\x4e\x83\x82\x66\xe3\xae\
\x87\x7f\xfa\xb3\x41\xdc\xa0\xd9\xae\xf0\xca\x8a\xc3\x9b\x49\x5a\
\xcf\xf6\xf3\xa5\xe3\xf7\xd3\x5e\x50\x70\x3f\xf0\x6c\xf1\xeb\xf2\
\x27\xfb\x92\x54\x4e\x83\xb2\xfd\xa1\xee\x46\xde\x91\xaa\xb4\xb4\
\x4b\x81\x23\xba\xed\x28\x3c\x25\x3a\x51\x5f\x33\x5f\xda\xbc\x2f\
\x56\x55\xb6\x07\xec\xf8\x19\xba\x75\x9a\xfd\xbf\xdd\x0f\x37\x8d\
\x64\x19\x14\xa4\x94\x52\x5a\x63\x1c\x6a\xbf\x0c\x1c\x33\x47\xba\
\x4d\x91\x97\xbe\x71\x8b\x4b\x9e\x33\x9c\x32\x0d\x4e\x1e\xea\x80\
\xa0\x1b\x45\x03\xac\xca\xa6\x52\xb6\x4f\x6a\xfe\x5a\xd2\x38\xaa\
\x9f\xd2\x2f\x01\xce\x67\xe5\x14\xa7\x81\xfa\x01\x54\xe5\xc2\xb7\
\x6d\xb3\xa2\x17\x41\x1d\x36\x58\xd1\x48\xad\x99\x88\xbd\x05\xe5\
\x89\x6d\xf3\x0a\xc0\x92\xe2\xeb\x87\xcb\x17\xdb\xfe\x6d\xdc\xba\
\x67\x94\xe7\x69\x17\x02\x47\xd7\x51\x7e\x76\x57\x7b\x09\x11\x60\
\xa4\x04\x80\x4a\x81\x6f\x4a\x29\xa5\xb4\x46\xb8\x53\xda\x78\x19\
\x7c\x98\xc8\xb1\x9e\x46\x6c\x92\x85\x48\x9d\xb9\x1d\xb8\x62\x0c\
\xfc\x6b\x31\x79\x4a\x80\xa4\xbb\x68\x7f\x5f\x41\xd9\xe2\x6b\xe1\
\xc5\x89\xd1\xc8\xab\x0e\xf3\xa7\x45\xc5\xa3\xe6\xa7\xe9\x4b\x81\
\x19\x45\xca\xce\x72\x92\xb6\x23\x52\xaf\xee\xaf\x58\x45\xe8\x59\
\x45\x53\xbb\x27\x8b\x2f\xaf\x04\x0e\x74\x04\xb6\x29\xd5\x2e\x83\
\x82\x94\x52\x4a\x6b\xbc\xeb\xa4\xb1\x13\x61\xcb\xbe\x08\x08\x9e\
\x28\xf2\xaf\x53\x13\x49\xaf\x26\x9e\xc0\xb7\xbb\x51\x7b\x11\x91\
\x9f\xfe\x34\xb1\x97\xe0\x86\x39\xb0\x27\xf0\x8e\x9a\x86\x74\xe5\
\xb4\x78\xd2\xfd\x24\x2b\xd2\x7d\x16\x8f\xb6\x49\xb3\xa4\x3f\x12\
\xdf\xcb\xbd\x6c\x3f\xd9\xea\xfc\x94\xba\x95\xe9\x43\x29\xa5\x94\
\xd6\x78\x6f\x8e\x74\x8c\xb6\xeb\xde\xaf\xa1\x3e\x40\xeb\x80\xe0\
\x31\x22\xc5\xe5\x5c\xdb\xe5\xca\x3e\xcc\x95\x66\x51\x5f\x50\x30\
\xcf\xf6\x99\x35\xdd\xab\x97\xfd\x8e\x48\x19\xca\x80\x20\x0d\xa9\
\x3a\x2a\x00\xa4\x94\x52\x4a\x69\xf4\x5b\xd5\x1e\xe1\xbb\x88\xae\
\xc6\x93\x6c\x7f\xbc\x2a\x20\x28\x5c\x51\xd7\x60\x04\x17\xd7\x75\
\xaf\x1e\x77\x68\x27\x55\x86\x52\xea\x56\xa6\x0f\xa5\x94\x52\x4a\
\x69\x95\x8a\xe6\x60\x4f\xd2\xbf\x0b\xf1\x3c\x62\xc3\xf6\x0f\x07\
\xe8\xe8\xdc\xcf\x5c\xe9\x06\xa2\xdb\xf2\x60\xcc\x9e\x0a\xbb\x93\
\x93\x98\x94\x6a\x93\x2b\x05\x29\xa5\x94\x52\x6a\x65\x67\x56\x0e\
\x08\x1e\x06\x8e\x00\xa6\xd9\xfe\x7e\xbb\x01\x01\x40\x1f\x9c\x00\
\x0c\x26\xef\xbf\x0f\xf8\x44\x06\x04\x29\xd5\x2b\x83\x82\x94\x52\
\x4a\x29\xb5\x32\xa9\xe9\xf3\x1f\x03\x3b\xdb\xbe\xb0\x5c\xbb\xbf\
\x1d\xd3\xed\x9b\x14\xcd\xb3\xba\x62\xf8\xdc\x54\xfb\x86\xd6\x67\
\xa6\x94\x3a\x91\x41\x41\x4a\x29\xa5\x94\x5a\x99\x44\x54\x66\xfa\
\x0a\x70\xd8\x60\x37\xbd\x4e\xb1\x4f\x05\x3e\x57\xdc\xb3\x5d\x16\
\x7c\x71\x9a\x7d\xca\x60\xde\x3b\xa5\x54\x2d\xf7\x14\xa4\x94\x52\
\x4a\x69\x95\x24\x1d\x0f\x2c\xb0\xfd\x93\x3a\xef\x3b\x47\x7a\xbb\
\xe0\x6b\xb4\xee\x7d\x70\xb7\xe0\xf8\x29\xf6\xcf\xea\x7c\xff\x94\
\xd2\x0a\x19\x14\xa4\x94\x52\x4a\x69\x95\x24\xad\x35\x54\xf5\xff\
\x67\x4b\xe3\xd6\x86\x03\x80\xf7\x02\xaf\x37\x6c\x0f\xbc\x00\x3c\
\x0a\xdc\x0c\x5c\x76\x37\x5c\x7c\xe8\x28\xeb\x3f\x90\x52\xaf\xf9\
\x7f\x1d\x30\xce\xc4\x4d\xe9\x63\x97\x00\x00\x00\x00\x49\x45\x4e\
\x44\xae\x42\x60\x82\
\x00\x00\x04\x05\
\x89\
\x50\x4e\x47\x0d\x0a\x1a\x0a\x00\x00\x00\x0d\x49\x48\x44\x52\x00\
\x00\x00\x18\x00\x00\x00\x18\x08\x06\x00\x00\x00\xe0\x77\x3d\xf8\
\x00\x00\x00\x09\x70\x48\x59\x73\x00\x00\x0f\x67\x00\x00\x0f\x67\
\x01\x28\x3c\xe3\xf2\x00\x00\x00\x19\x74\x45\x58\x74\x53\x6f\x66\
\x74\x77\x61\x72\x65\x00\x77\x77\x77\x2e\x69\x6e\x6b\x73\x63\x61\
\x70\x65\x2e\x6f\x72\x67\x9b\xee\x3c\x1a\x00\x00\x03\x92\x49\x44\
\x41\x54\x48\x89\xad\x95\x5b\x68\x5c\x55\x14\x86\xff\xb5\xcf\x5c\
\x72\x86\x60\xcd\x05\x13\x49\x03\x99\x39\xc7\x4c\x06\xf2\x60\x4d\
\x04\x1f\x44\x52\x6c\x89\x50\x2c\x92\xd4\xa4\xd5\xda\x82\x14\x89\
\x88\xc5\x87\x80\x82\x2f\xb6\xfa\xe2\x05\xa9\x52\x54\x68\x49\x1f\
\xd2\x49\xd1\xa4\x90\x42\xbd\xa4\x5e\x02\x96\x16\xdb\x04\x1b\x24\
\x98\x29\x73\x3a\x33\xd0\xb4\x2f\x09\x32\x52\x67\xe6\x24\x99\xb3\
\x7f\x1f\x9c\x40\x90\x24\x64\x92\x2c\xd8\xb0\xf7\x5e\x6b\xfd\xdf\
\xbe\xb0\xd7\x96\xa1\x68\xf4\x83\xe2\xc2\x42\xbf\xaf\xa2\x62\xe4\
\xd0\xcc\xcc\x61\x6c\x83\x0d\xc5\x62\x71\xcf\x75\xbb\x8d\x60\xf0\
\x63\x19\x0c\x87\xdd\xce\xe1\xe1\xe0\x58\x57\x17\x96\x66\x67\xb3\
\xd0\x9a\x5b\x52\x57\x4a\x7c\x3b\x77\x3e\xfc\xdc\xc5\x8b\x18\xeb\
\xe9\x71\x65\x28\x1a\x3d\xef\x15\x0a\x2f\xab\x60\xf0\x77\x7f\x32\
\xb9\x77\x09\xd8\x30\x60\xa0\xa1\xa1\xe5\xd5\x7b\xf7\x12\x00\x30\
\x5a\x5b\xfb\xc8\x74\x65\xe5\x5b\x27\x32\x99\x77\x97\xa2\xd1\x1f\
\x75\xa1\xf0\x84\xcf\x34\x07\x41\x12\x03\x4a\xe5\xce\x00\x75\x24\
\xb1\xd1\x16\x89\x44\xba\x22\x91\xc8\xa7\x2b\xc6\xe7\x22\x91\x48\
\x37\x49\x9c\x03\xea\x07\x94\xca\x91\x84\x0f\x00\xca\x3d\x96\x58\
\x2c\x56\x03\xe0\x34\xc9\xdd\x00\x60\xdb\x76\x1b\x80\x7d\x4a\xa9\
\x3e\x00\x28\x02\x34\x4a\x9a\xaa\x1c\xe1\x65\x5b\x5c\x5c\x3c\x0d\
\x60\x2a\x95\x4a\xdd\x16\x11\x21\x79\x0a\x40\x3c\x99\x4c\x2e\xfc\
\x3f\xd6\x57\xae\xb8\x6d\xdb\x2f\x00\x38\x08\xe0\x79\x00\xb0\x2c\
\xab\x97\xe4\xd3\x4a\xa9\xe3\xab\xc5\x97\xb5\x83\x68\x34\x5a\x4b\
\xf2\x4b\x00\x59\xd3\x34\xaf\xb4\xb7\xb7\xfb\x49\x9e\x04\x30\xef\
\x38\xce\xd4\x96\x01\xc5\x62\xf1\x33\x00\x0f\x01\xf8\x76\x7a\x7a\
\x7a\x31\x9b\xcd\xf6\x01\x78\x8c\xe4\x35\x92\xab\xde\xe3\x86\x01\
\xb6\x6d\x1f\x21\xf9\x0f\x80\x10\xc9\x51\xcb\xb2\x76\x90\x7c\xad\
\xe4\xbe\xba\x56\xde\x86\x00\x8d\x8d\x8d\xd5\x24\x8f\x28\xa5\xe6\
\x00\xb8\xa1\x50\xe8\x07\x92\x6f\x00\xf8\x63\x5b\x00\x7e\xbf\xff\
\x3d\x92\x27\x49\xbe\x08\xe0\xa7\x5c\x2e\x57\x14\x91\x76\xfc\xf7\
\x28\xf3\xd5\xd5\xd5\xb7\x36\x0d\x08\x87\xc3\xf5\x22\x52\x6b\x18\
\xc6\x03\x00\xcd\x24\x47\x45\xe4\x15\x11\xf9\x1a\xc0\xb3\x22\x32\
\x31\x39\x39\xb9\xb4\x69\x80\x52\xaa\x4f\x6b\xfd\xb9\xd6\xfa\x20\
\x00\x0f\xc0\x65\x11\x39\x20\x22\x49\x00\xf5\x5a\xeb\x5f\xd7\xcd\
\x5f\xcf\xd9\xda\xda\x1a\x00\xd0\x96\xc9\x64\x6e\x00\xe8\x01\x70\
\x4d\x29\xb5\x0b\xc0\x2f\x9e\xe7\xed\x06\x00\x92\xdf\x6d\x1a\x90\
\xcf\xe7\x7b\x00\x5c\xb0\x6d\xfb\x29\x00\x4d\x00\x2e\x91\x3c\x16\
\x08\x04\xce\x2a\xa5\xf6\x02\x98\xcf\x64\x32\x13\x96\x65\xed\xb0\
\x6d\xdb\x2e\x1b\xa0\x94\xda\x5f\x55\x55\x35\xac\xb5\xde\x5f\x5a\
\x6d\x12\xc0\x7c\x22\x91\xc8\x92\x7c\x46\x44\xc6\x49\x7a\x22\xf2\
\xa6\xd6\xba\xba\x2c\x80\x65\x59\x4f\x92\xfc\xad\x74\x81\xed\x00\
\xee\x00\xd8\xa3\xb5\x3e\xd5\xd1\xd1\x21\x00\x4c\x00\x57\x1b\x1a\
\x1a\x42\x24\xdb\x52\xa9\xd4\xcd\x75\x01\x13\x35\x35\x55\x96\x65\
\x5d\xb6\x6d\xbb\xb5\x34\x75\xdc\xef\xf7\x9f\x29\xf5\xc3\x22\x72\
\x5d\x44\x6a\xd2\xe9\x74\x62\x7c\x7c\xbc\x08\xa0\x00\x60\xd6\x34\
\xcd\x0f\xb5\xd6\x27\xd6\x3c\x85\xe5\xce\x8d\xca\xca\x03\x00\xf6\
\x78\x9e\x57\x69\x59\xd6\xeb\x00\xbe\x4f\x24\x12\x0f\x4a\xee\x22\
\xc9\x5d\x22\xf2\xc5\x8a\xdc\x4b\x5a\xeb\x4f\xb4\xd6\x53\xe9\x74\
\x7a\xd5\x3a\x04\x2c\x57\x53\xa5\xc4\xe7\x79\x7f\xc3\x30\x6e\x2b\
\xa5\xde\x16\x91\x3b\x8e\xe3\xf4\xaf\x88\x9b\x07\x70\xd7\x71\x9c\
\xeb\xcb\x13\xa6\x69\x1e\x75\x5d\xb7\xce\x71\x9c\xbb\xab\x88\x0a\
\x95\x12\x00\x90\x78\x4b\x4b\x5c\xe7\xf3\x2f\x19\xc1\xe0\xad\xaf\
\x72\xb9\x77\x0c\x20\x77\xec\xfe\xfd\x3f\x57\x26\x9c\xad\xab\x6b\
\x7e\x54\xeb\xbf\xf6\xcd\xcd\xcd\xaf\xb5\xd2\x65\xf3\x03\x52\x6c\
\x6e\xfe\xd9\x73\xdd\xc7\x8d\x50\x28\x2e\x83\x4d\x4d\x85\xce\xe1\
\xe1\x8a\xb1\xee\xee\x6d\xfd\xf4\x3b\x47\x46\x70\xa5\xb7\xd7\x95\
\x78\x34\xfa\xbe\x5e\x58\xe8\x37\x2a\x2a\xbe\x39\x34\x33\x73\x74\
\x4b\xe2\x25\xbb\x10\x8b\x9d\xf7\x5c\xb7\xdb\x08\x04\x3e\xfa\x17\
\x28\xf1\xb3\x9c\x66\x9a\x28\x6b\x00\x00\x00\x00\x49\x45\x4e\x44\
\xae\x42\x60\x82\
"

qt_resource_name = b"\
\x00\x07\
\x07\x3b\xe0\xb3\
\x00\x70\
\x00\x6c\x00\x75\x00\x67\x00\x69\x00\x6e\x00\x73\
\x00\x10\
\x00\xe1\x7a\x22\
\x00\x4d\
\x00\x61\x00\x70\x00\x74\x00\x65\x00\x78\x00\x74\x00\x41\x00\x6e\x00\x6e\x00\x6f\x00\x74\x00\x61\x00\x74\x00\x6f\x00\x72\
\x00\x0b\
\x08\x01\x87\xc7\
\x00\x65\
\x00\x78\x00\x61\x00\x6d\x00\x70\x00\x6c\x00\x65\x00\x2e\x00\x70\x00\x6e\x00\x67\
\x00\x08\
\x0a\x61\x5a\xa7\
\x00\x69\
\x00\x63\x00\x6f\x00\x6e\x00\x2e\x00\x70\x00\x6e\x00\x67\
"

qt_resource_struct_v1 = b"\
\x00\x00\x00\x00\x00\x02\x00\x00\x00\x01\x00\x00\x00\x01\
\x00\x00\x00\x00\x00\x02\x00\x00\x00\x01\x00\x00\x00\x02\
\x00\x00\x00\x14\x00\x02\x00\x00\x00\x02\x00\x00\x00\x03\
\x00\x00\x00\x3a\x00\x00\x00\x00\x00\x01\x00\x00\x00\x00\
\x00\x00\x00\x56\x00\x00\x00\x00\x00\x01\x00\x00\xab\xca\
"

qt_resource_struct_v2 = b"\
\x00\x00\x00\x00\x00\x02\x00\x00\x00\x01\x00\x00\x00\x01\
\x00\x00\x00\x00\x00\x00\x00\x00\
\x00\x00\x00\x00\x00\x02\x00\x00\x00\x01\x00\x00\x00\x02\
\x00\x00\x00\x00\x00\x00\x00\x00\
\x00\x00\x00\x14\x00\x02\x00\x00\x00\x02\x00\x00\x00\x03\
\x00\x00\x00\x00\x00\x00\x00\x00\
\x00\x00\x00\x3a\x00\x00\x00\x00\x00\x01\x00\x00\x00\x00\
\x00\x00\x01\x9e\xbb\x2a\xc4\xd4\
\x00\x00\x00\x56\x00\x00\x00\x00\x00\x01\x00\x00\xab\xca\
\x00\x00\x01\x9e\x8e\xcb\x3d\x9e\
"

qt_version = [int(v) for v in QtCore.qVersion().split('.')]
if qt_version < [5, 8, 0]:
    rcc_version = 1
    qt_resource_struct = qt_resource_struct_v1
else:
    rcc_version = 2
    qt_resource_struct = qt_resource_struct_v2

def qInitResources():
    QtCore.qRegisterResourceData(rcc_version, qt_resource_struct, qt_resource_name, qt_resource_data)

def qCleanupResources():
    QtCore.qUnregisterResourceData(rcc_version, qt_resource_struct, qt_resource_name, qt_resource_data)

qInitResources()
